Id,Solution
1,0
2,0
3,0
4,0
5,0
6,1
7,0
8,1
9,1
10,1
11,1
12,1
13,1
14,0
15,0
16,1
17,0
18,1
19,1
20,1
21,0
22,0
23,0
24,0
25,1
26,1
27,0
28,0
29,0
30,0
31,0
32,1
33,0
34,1
35,0
36,0
37,1
38,1
39,0
40,0
41,1
42,0
43,0
44,0
45,0
46,0
47,1
48,0
49,1
50,0
51,0
52,1
53,0
54,0
55,1
56,0
57,1
58,0
59,1
60,1
61,0
62,0
63,1
64,1
65,1
66,1
67,0
68,1
69,1
70,1
71,1
72,1
73,1
74,1
75,0
76,0
77,1
78,1
79,1
80,1
81,1
82,1
83,0
84,1
85,1
86,1
87,1
88,0
89,0
90,0
91,0
92,1
93,0
94,1
95,0
96,1
97,1
98,0
99,1
100,0
101,0
102,0
103,1
104,1
105,1
106,1
107,1
108,1
109,1
110,0
111,0
112,1
113,1
114,1
115,0
116,0
117,1
118,0
119,0
120,0
121,1
122,1
123,0
124,1
125,1
126,0
127,0
128,0
129,0
130,0
131,0
132,1
133,1
134,0
135,0
136,0
137,1
138,1
139,0
140,0
141,0
142,1
143,1
144,1
145,0
146,1
147,0
148,1
149,1
150,1
151,0
152,0
153,1
154,0
155,0
156,1
157,1
158,0
159,0
160,1
161,1
162,1
163,0
164,1
165,0
166,1
167,1
168,1
169,0
170,0
171,1
172,0
173,0
174,1
175,1
176,1
177,0
178,1
179,1
180,0
181,0
182,0
183,0
184,0
185,1
186,1
187,1
188,1
189,0
190,1
191,1
192,1
193,1
194,1
195,0
196,1
197,1
198,0
199,0
200,1
201,0
202,0
203,0
204,1
205,1
206,0
207,1
208,1
209,1
210,0
211,1
212,1
213,1
214,1
215,0
216,1
217,0
218,1
219,1
220,0
221,0
222,0
223,0
224,1
225,1
226,1
227,1
228,0
229,0
230,0
231,0
232,0
233,1
234,0
235,1
236,0
237,0
238,1
239,0
240,1
241,1
242,0
243,0
244,1
245,0
246,0
247,0
248,1
249,0
250,1
251,1
252,0
253,0
254,0
255,1
256,1
257,1
258,0
259,0
260,1
261,0
262,0
263,0
264,1
265,1
266,1
267,1
268,0
269,0
270,1
271,0
272,1
273,0
274,1
275,1
276,0
277,0
278,0
279,1
280,1
281,0
282,1
283,1
284,1
285,1
286,0
287,0
288,0
289,1
290,1
291,0
292,1
293,0
294,0
295,0
296,1
297,1
298,1
299,0
300,0
301,0
302,1
303,0
304,1
305,0
306,1
307,0
308,0
309,1
310,0
311,0
312,0
313,1
314,1
315,1
316,0
317,1
318,0
319,1
320,0
321,1
322,0
323,0
324,0
325,1
326,0
327,0
328,1
329,1
330,0
331,0
332,1
333,0
334,0
335,0
336,1
337,1
338,0
339,0
340,1
341,1
342,0
343,1
344,0
345,1
346,1
347,1
348,0
349,0
350,0
351,1
352,1
353,0
354,1
355,0
356,0
357,1
358,1
359,1
360,0
361,0
362,0
363,1
364,0
365,0
366,0
367,0
368,1
369,0
370,1
371,0
372,1
373,0
374,1
375,0
376,0
377,1
378,0
379,0
380,1
381,0
382,0
383,0
384,1
385,0
386,0
387,1
388,1
389,0
390,0
391,0
392,1
393,1
394,0
395,0
396,1
397,1
398,0
399,1
400,1
401,0
402,1
403,0
404,1
405,1
406,1
407,1
408,1
409,0
410,1
411,0
412,1
413,0
414,1
415,1
416,0
417,0
418,1
419,1
420,1
421,0
422,0
423,0
424,0
425,0
426,0
427,0
428,1
429,0
430,0
431,0
432,0
433,1
434,0
435,1
436,0
437,1
438,0
439,1
440,0
441,1
442,0
443,1
444,1
445,1
446,0
447,0
448,0
449,1
450,1
451,1
452,0
453,0
454,0
455,1
456,0
457,1
458,0
459,0
460,0
461,1
462,1
463,1
464,0
465,0
466,1
467,1
468,1
469,0
470,1
471,0
472,0
473,1
474,1
475,1
476,0
477,1
478,0
479,1
480,0
481,0
482,1
483,1
484,0
485,0
486,1
487,1
488,1
489,0
490,1
491,1
492,1
493,0
494,1
495,1
496,0
497,0
498,0
499,0
500,1
501,1
502,0
503,0
504,0
505,1
506,1
507,1
508,0
509,0
510,1
511,0
512,0
513,0
514,0
515,1
516,1
517,0
518,0
519,0
520,1
521,0
522,0
523,1
524,1
525,1
526,1
527,0
528,1
529,0
530,1
531,1
532,1
533,1
534,1
535,1
536,0
537,0
538,0
539,0
540,0
541,0
542,1
543,0
544,1
545,0
546,1
547,0
548,0
549,1
550,1
551,0
552,0
553,0
554,1
555,0
556,0
557,1
558,1
559,0
560,0
561,0
562,1
563,1
564,1
565,1
566,0
567,1
568,1
569,0
570,0
571,0
572,0
573,1
574,1
575,0
576,0
577,1
578,1
579,0
580,1
581,0
582,0
583,0
584,0
585,1
586,0
587,0
588,1
589,1
590,0
591,0
592,0
593,1
594,0
595,0
596,0
597,1
598,1
599,1
600,0
601,0
602,0
603,1
604,0
605,1
606,0
607,0
608,0
609,1
610,1
611,0
612,0
613,0
614,0
615,0
616,0
617,1
618,1
619,0
620,1
621,0
622,0
623,0
624,0
625,1
626,0
627,0
628,0
629,0
630,0
631,1
632,0
633,0
634,1
635,0
636,0
637,0
638,1
639,1
640,0
641,1
642,0
643,1
644,1
645,1
646,1
647,0
648,1
649,0
650,1
651,0
652,0
653,0
654,1
655,1
656,1
657,0
658,1
659,0
660,0
661,0
662,1
663,0
664,1
665,1
666,0
667,1
668,1
669,0
670,1
671,0
672,0
673,1
674,0
675,0
676,1
677,1
678,1
679,0
680,1
681,0
682,0
683,0
684,1
685,1
686,1
687,0
688,0
689,1
690,1
691,0
692,0
693,1
694,0
695,1
696,0
697,1
698,0
699,1
700,1
701,0
702,0
703,0
704,0
705,1
706,0
707,0
708,1
709,0
710,0
711,1
712,1
713,1
714,1
715,1
716,0
717,1
718,0
719,1
720,0
721,1
722,0
723,0
724,1
725,1
726,0
727,1
728,0
729,1
730,1
731,0
732,1
733,1
734,0
735,0
736,0
737,0
738,1
739,1
740,0
741,0
742,1
743,1
744,1
745,1
746,1
747,0
748,0
749,1
750,1
751,1
752,0
753,1
754,1
755,1
756,0
757,1
758,1
759,1
760,0
761,0
762,0
763,0
764,0
765,1
766,0
767,0
768,0
769,1
770,1
771,0
772,0
773,1
774,0
775,1
776,1
777,1
778,0
779,0
780,0
781,1
782,0
783,0
784,1
785,1
786,1
787,0
788,1
789,1
790,1
791,0
792,1
793,1
794,0
795,1
796,1
797,1
798,1
799,0
800,1
801,0
802,0
803,1
804,0
805,1
806,1
807,0
808,1
809,1
810,1
811,1
812,0
813,0
814,1
815,0
816,0
817,0
818,1
819,0
820,0
821,0
822,1
823,1
824,1
825,0
826,0
827,0
828,1
829,0
830,1
831,0
832,0
833,1
834,0
835,0
836,1
837,1
838,0
839,1
840,0
841,0
842,0
843,0
844,1
845,0
846,1
847,0
848,1
849,1
850,1
851,1
852,0
853,1
854,0
855,0
856,0
857,1
858,1
859,1
860,1
861,0
862,1
863,0
864,1
865,0
866,1
867,1
868,0
869,0
870,1
871,0
872,1
873,1
874,1
875,1
876,1
877,0
878,1
879,0
880,1
881,1
882,1
883,0
884,1
885,1
886,1
887,1
888,0
889,1
890,1
891,0
892,1
893,0
894,1
895,1
896,1
897,0
898,1
899,0
900,0
901,1
902,0
903,1
904,1
905,0
906,0
907,1
908,0
909,0
910,0
911,1
912,1
913,0
914,0
915,1
916,1
917,0
918,0
919,0
920,0
921,0
922,0
923,0
924,1
925,0
926,1
927,1
928,0
929,1
930,0
931,0
932,1
933,0
934,1
935,0
936,1
937,1
938,1
939,1
940,1
941,1
942,1
943,0
944,1
945,0
946,1
947,1
948,1
949,1
950,0
951,0
952,1
953,0
954,1
955,0
956,0
957,1
958,1
959,1
960,1
961,0
962,0
963,0
964,0
965,0
966,0
967,1
968,0
969,1
970,0
971,1
972,1
973,0
974,1
975,1
976,1
977,0
978,1
979,0
980,1
981,1
982,1
983,1
984,0
985,1
986,0
987,1
988,1
989,0
990,1
991,0
992,0
993,1
994,0
995,0
996,0
997,1
998,1
999,1
1000,0
1001,1
1002,0
1003,1
1004,1
1005,1
1006,1
1007,1
1008,1
1009,1
1010,1
1011,1
1012,0
1013,0
1014,1
1015,1
1016,1
1017,0
1018,0
1019,1
1020,0
1021,1
1022,1
1023,1
1024,1
1025,1
1026,0
1027,0
1028,1
1029,1
1030,0
1031,0
1032,0
1033,0
1034,0
1035,0
1036,0
1037,0
1038,0
1039,1
1040,0
1041,0
1042,0
1043,0
1044,0
1045,0
1046,1
1047,0
1048,1
1049,1
1050,1
1051,1
1052,0
1053,0
1054,1
1055,1
1056,1
1057,1
1058,0
1059,0
1060,0
1061,0
1062,1
1063,1
1064,0
1065,1
1066,0
1067,1
1068,1
1069,0
1070,0
1071,0
1072,0
1073,0
1074,1
1075,0
1076,1
1077,1
1078,1
1079,0
1080,1
1081,0
1082,1
1083,1
1084,1
1085,1
1086,1
1087,0
1088,0
1089,0
1090,1
1091,1
1092,0
1093,1
1094,0
1095,1
1096,0
1097,1
1098,0
1099,1
1100,1
1101,1
1102,0
1103,1
1104,1
1105,0
1106,1
1107,1
1108,1
1109,0
1110,0
1111,0
1112,1
1113,1
1114,1
1115,1
1116,1
1117,0
1118,0
1119,1
1120,1
1121,1
1122,0
1123,0
1124,1
1125,0
1126,0
1127,0
1128,1
1129,0
1130,1
1131,1
1132,0
1133,0
1134,1
1135,0
1136,1
1137,1
1138,0
1139,1
1140,1
1141,1
1142,0
1143,0
1144,0
1145,0
1146,1
1147,1
1148,1
1149,1
1150,1
1151,0
1152,1
1153,1
1154,0
1155,1
1156,1
1157,1
1158,1
1159,0
1160,0
1161,0
1162,1
1163,1
1164,1
1165,0
1166,0
1167,1
1168,0
1169,1
1170,1
1171,1
1172,1
1173,1
1174,0
1175,1
1176,0
1177,0
1178,1
1179,1
1180,0
1181,0
1182,0
1183,0
1184,0
1185,0
1186,1
1187,1
1188,0
1189,0
1190,1
1191,1
1192,1
1193,1
1194,0
1195,1
1196,1
1197,0
1198,0
1199,1
1200,0
1201,1
1202,0
1203,1
1204,1
1205,0
1206,0
1207,1
1208,0
1209,1
1210,1
1211,0
1212,1
1213,1
1214,1
1215,1
1216,0
1217,0
1218,1
1219,1
1220,0
1221,1
1222,0
1223,0
1224,1
1225,0
1226,1
1227,0
1228,1
1229,0
1230,0
1231,0
1232,1
1233,0
1234,0
1235,0
1236,0
1237,0
1238,1
1239,1
1240,0
1241,0
1242,1
1243,1
1244,1
1245,0
1246,1
1247,1
1248,0
1249,0
1250,1
1251,1
1252,0
1253,1
1254,0
1255,1
1256,1
1257,1
1258,0
1259,0
1260,0
1261,1
1262,1
1263,1
1264,0
1265,1
1266,0
1267,0
1268,1
1269,1
1270,1
1271,1
1272,0
1273,1
1274,1
1275,1
1276,1
1277,0
1278,0
1279,1
1280,1
1281,1
1282,1
1283,0
1284,0
1285,0
1286,1
1287,0
1288,0
1289,0
1290,1
1291,0
1292,0
1293,0
1294,1
1295,1
1296,1
1297,0
1298,0
1299,1
1300,0
1301,0
1302,0
1303,0
1304,1
1305,1
1306,1
1307,0
1308,0
1309,0
1310,0
1311,1
1312,0
1313,0
1314,1
1315,0
1316,0
1317,0
1318,0
1319,1
1320,0
1321,0
1322,1
1323,0
1324,1
1325,0
1326,1
1327,0
1328,1
1329,1
1330,0
1331,0
1332,1
1333,1
1334,1
1335,1
1336,0
1337,0
1338,1
1339,1
1340,1
1341,1
1342,1
1343,0
1344,0
1345,1
1346,1
1347,1
1348,0
1349,0
1350,1
1351,1
1352,1
1353,1
1354,0
1355,0
1356,0
1357,1
1358,1
1359,1
1360,0
1361,0
1362,1
1363,1
1364,1
1365,0
1366,1
1367,1
1368,0
1369,1
1370,1
1371,0
1372,0
1373,0
1374,1
1375,0
1376,1
1377,1
1378,0
1379,0
1380,0
1381,1
1382,1
1383,0
1384,1
1385,1
1386,0
1387,1
1388,0
1389,1
1390,1
1391,0
1392,1
1393,1
1394,1
1395,1
1396,0
1397,1
1398,0
1399,0
1400,0
1401,1
1402,1
1403,0
1404,1
1405,1
1406,1
1407,0
1408,1
1409,0
1410,0
1411,0
1412,0
1413,1
1414,1
1415,1
1416,1
1417,1
1418,0
1419,0
1420,0
1421,1
1422,1
1423,1
1424,0
1425,0
1426,1
1427,0
1428,0
1429,0
1430,1
1431,1
1432,0
1433,1
1434,0
1435,1
1436,0
1437,0
1438,1
1439,0
1440,1
1441,0
1442,1
1443,0
1444,1
1445,0
1446,0
1447,1
1448,0
1449,1
1450,0
1451,0
1452,0
1453,1
1454,0
1455,0
1456,1
1457,0
1458,1
1459,0
1460,0
1461,0
1462,1
1463,1
1464,1
1465,0
1466,1
1467,1
1468,0
1469,0
1470,1
1471,0
1472,0
1473,1
1474,0
1475,0
1476,0
1477,0
1478,1
1479,1
1480,1
1481,0
1482,1
1483,1
1484,0
1485,1
1486,1
1487,1
1488,1
1489,1
1490,1
1491,1
1492,0
1493,0
1494,1
1495,1
1496,0
1497,1
1498,0
1499,1
1500,1
1501,1
1502,0
1503,1
1504,1
1505,1
1506,1
1507,1
1508,0
1509,0
1510,0
1511,0
1512,0
1513,1
1514,1
1515,1
1516,0
1517,1
1518,1
1519,0
1520,1
1521,1
1522,0
1523,0
1524,1
1525,1
1526,0
1527,0
1528,0
1529,0
1530,1
1531,1
1532,0
1533,0
1534,1
1535,0
1536,1
1537,1
1538,0
1539,1
1540,1
1541,1
1542,1
1543,1
1544,1
1545,1
1546,1
1547,1
1548,0
1549,1
1550,1
1551,1
1552,0
1553,1
1554,1
1555,0
1556,1
1557,1
1558,1
1559,0
1560,0
1561,0
1562,1
1563,0
1564,0
1565,0
1566,1
1567,1
1568,1
1569,1
1570,0
1571,0
1572,0
1573,1
1574,1
1575,0
1576,0
1577,1
1578,0
1579,0
1580,1
1581,1
1582,0
1583,0
1584,1
1585,1
1586,1
1587,1
1588,1
1589,1
1590,0
1591,0
1592,0
1593,1
1594,1
1595,1
1596,1
1597,1
1598,0
1599,1
1600,1
1601,0
1602,0
1603,0
1604,0
1605,1
1606,0
1607,1
1608,1
1609,0
1610,0
1611,1
1612,1
1613,1
1614,1
1615,0
1616,0
1617,0
1618,1
1619,1
1620,1
1621,1
1622,0
1623,1
1624,1
1625,0
1626,0
1627,0
1628,0
1629,0
1630,1
1631,0
1632,0
1633,1
1634,1
1635,0
1636,0
1637,1
1638,1
1639,1
1640,1
1641,0
1642,1
1643,1
1644,0
1645,1
1646,1
1647,1
1648,1
1649,0
1650,0
1651,0
1652,0
1653,0
1654,0
1655,1
1656,0
1657,1
1658,0
1659,1
1660,1
1661,1
1662,0
1663,1
1664,0
1665,0
1666,0
1667,1
1668,1
1669,0
1670,1
1671,0
1672,0
1673,1
1674,1
1675,1
1676,0
1677,1
1678,1
1679,0
1680,1
1681,1
1682,1
1683,0
1684,0
1685,1
1686,0
1687,1
1688,1
1689,1
1690,0
1691,0
1692,1
1693,1
1694,1
1695,1
1696,0
1697,0
1698,0
1699,0
1700,0
1701,0
1702,0
1703,0
1704,0
1705,1
1706,1
1707,0
1708,0
1709,1
1710,1
1711,1
1712,0
1713,0
1714,1
1715,0
1716,0
1717,1
1718,1
1719,1
1720,0
1721,1
1722,0
1723,0
1724,0
1725,1
1726,1
1727,0
1728,1
1729,0
1730,1
1731,0
1732,1
1733,1
1734,1
1735,1
1736,1
1737,0
1738,0
1739,0
1740,0
1741,0
1742,1
1743,1
1744,1
1745,1
1746,0
1747,1
1748,1
1749,0
1750,1
1751,1
1752,1
1753,1
1754,1
1755,1
1756,1
1757,1
1758,0
1759,1
1760,1
1761,1
1762,0
1763,0
1764,0
1765,1
1766,1
1767,1
1768,0
1769,1
1770,0
1771,1
1772,0
1773,1
1774,1
1775,0
1776,0
1777,1
1778,1
1779,1
1780,0
1781,1
1782,1
1783,1
1784,1
1785,0
1786,1
1787,1
1788,0
1789,1
1790,1
1791,1
1792,1
1793,1
1794,1
1795,1
1796,1
1797,0
1798,0
1799,1
1800,1
1801,1
1802,0
1803,0
1804,1
1805,0
1806,0
1807,1
1808,0
1809,1
1810,1
1811,0
1812,0
1813,0
1814,1
1815,1
1816,1
1817,0
1818,1
1819,1
1820,1
1821,0
1822,1
1823,1
1824,0
1825,1
1826,0
1827,0
1828,0
1829,1
1830,1
1831,1
1832,0
1833,0
1834,0
1835,1
1836,1
1837,0
1838,1
1839,1
1840,0
1841,1
1842,1
1843,0
1844,0
1845,0
1846,0
1847,0
1848,1
1849,1
1850,1
1851,1
1852,0
1853,1
1854,0
1855,0
1856,0
1857,1
1858,1
1859,0
1860,0
1861,1
1862,0
1863,0
1864,0
1865,1
1866,1
1867,0
1868,0
1869,0
1870,1
1871,0
1872,1
1873,0
1874,0
1875,0
1876,0
1877,1
1878,1
1879,0
1880,1
1881,0
1882,1
1883,1
1884,0
1885,0
1886,0
1887,0
1888,1
1889,1
1890,1
1891,1
1892,1
1893,0
1894,0
1895,1
1896,1
1897,1
1898,1
1899,1
1900,1
1901,1
1902,0
1903,1
1904,1
1905,1
1906,0
1907,1
1908,1
1909,1
1910,0
1911,1
1912,1
1913,0
1914,1
1915,0
1916,1
1917,1
1918,1
1919,0
1920,1
1921,1
1922,0
1923,0
1924,0
1925,0
1926,0
1927,0
1928,1
1929,0
1930,0
1931,1
1932,0
1933,1
1934,0
1935,0
1936,1
1937,0
1938,1
1939,0
1940,1
1941,0
1942,0
1943,1
1944,0
1945,1
1946,0
1947,0
1948,0
1949,0
1950,0
1951,1
1952,1
1953,1
1954,0
1955,0
1956,0
1957,1
1958,1
1959,0
1960,1
1961,1
1962,0
1963,1
1964,0
1965,0
1966,1
1967,1
1968,0
1969,0
1970,0
1971,0
1972,1
1973,1
1974,1
1975,1
1976,0
1977,1
1978,0
1979,0
1980,0
1981,0
1982,0
1983,0
1984,1
1985,1
1986,0
1987,1
1988,0
1989,1
1990,0
1991,0
1992,0
1993,1
1994,0
1995,0
1996,1
1997,1
1998,0
1999,0
2000,0
2001,1
2002,0
2003,0
2004,0
2005,1
2006,1
2007,1
2008,1
2009,1
2010,1
2011,1
2012,0
2013,0
2014,1
2015,0
2016,1
2017,1
2018,0
2019,0
2020,0
2021,0
2022,1
2023,0
2024,1
2025,0
2026,1
2027,1
2028,0
2029,1
2030,1
2031,0
2032,1
2033,0
2034,1
2035,1
2036,0
2037,1
2038,1
2039,1
2040,0
2041,0
2042,1
2043,1
2044,0
2045,1
2046,1
2047,1
2048,1
2049,1
2050,1
2051,0
2052,0
2053,1
2054,1
2055,0
2056,1
2057,1
2058,0
2059,0
2060,1
2061,1
2062,0
2063,1
2064,1
2065,1
2066,1
2067,0
2068,0
2069,0
2070,0
2071,1
2072,0
2073,0
2074,0
2075,0
2076,1
2077,0
2078,0
2079,0
2080,0
2081,1
2082,1
2083,0
2084,1
2085,0
2086,0
2087,1
2088,0
2089,1
2090,0
2091,1
2092,1
2093,1
2094,1
2095,0
2096,0
2097,1
2098,0
2099,0
2100,1
2101,1
2102,1
2103,0
2104,0
2105,0
2106,0
2107,0
2108,1
2109,1
2110,0
2111,1
2112,0
2113,0
2114,0
2115,0
2116,1
2117,1
2118,0
2119,1
2120,0
2121,1
2122,0
2123,0
2124,1
2125,1
2126,1
2127,1
2128,0
2129,1
2130,0
2131,1
2132,1
2133,0
2134,0
2135,1
2136,0
2137,1
2138,1
2139,0
2140,0
2141,1
2142,0
2143,1
2144,0
2145,1
2146,0
2147,0
2148,0
2149,0
2150,1
2151,0
2152,0
2153,0
2154,0
2155,1
2156,0
2157,0
2158,1
2159,0
2160,0
2161,1
2162,1
2163,1
2164,0
2165,0
2166,0
2167,1
2168,0
2169,1
2170,0
2171,0
2172,1
2173,0
2174,0
2175,0
2176,0
2177,0
2178,0
2179,0
2180,0
2181,0
2182,0
2183,0
2184,1
2185,0
2186,0
2187,1
2188,1
2189,0
2190,0
2191,0
2192,0
2193,0
2194,1
2195,0
2196,1
2197,1
2198,1
2199,1
2200,0
2201,0
2202,1
2203,0
2204,1
2205,1
2206,0
2207,1
2208,0
2209,0
2210,0
2211,0
2212,0
2213,1
2214,0
2215,1
2216,1
2217,0
2218,0
2219,1
2220,1
2221,1
2222,0
2223,1
2224,1
2225,0
2226,0
2227,0
2228,1
2229,0
2230,1
2231,0
2232,0
2233,1
2234,0
2235,0
2236,0
2237,1
2238,1
2239,0
2240,1
2241,0
2242,1
2243,1
2244,1
2245,1
2246,0
2247,0
2248,0
2249,1
2250,0
2251,1
2252,1
2253,0
2254,1
2255,1
2256,1
2257,1
2258,0
2259,0
2260,0
2261,0
2262,0
2263,1
2264,1
2265,0
2266,1
2267,0
2268,0
2269,0
2270,1
2271,0
2272,0
2273,0
2274,1
2275,0
2276,0
2277,0
2278,0
2279,0
2280,0
2281,1
2282,1
2283,0
2284,0
2285,1
2286,1
2287,0
2288,1
2289,0
2290,0
2291,0
2292,0
2293,0
2294,0
2295,1
2296,0
2297,0
2298,0
2299,1
2300,1
2301,0
2302,0
2303,1
2304,0
2305,1
2306,0
2307,1
2308,0
2309,0
2310,0
2311,0
2312,0
2313,0
2314,0
2315,0
2316,0
2317,0
2318,0
2319,1
2320,0
2321,0
2322,1
2323,0
2324,0
2325,1
2326,0
2327,0
2328,0
2329,0
2330,1
2331,0
2332,1
2333,0
2334,0
2335,0
2336,0
2337,1
2338,1
2339,0
2340,0
2341,0
2342,1
2343,0
2344,0
2345,1
2346,0
2347,0
2348,0
2349,0
2350,0
2351,1
2352,1
2353,1
2354,0
2355,1
2356,1
2357,0
2358,0
2359,1
2360,0
2361,1
2362,0
2363,0
2364,1
2365,1
2366,0
2367,0
2368,0
2369,0
2370,0
2371,0
2372,1
2373,1
2374,0
2375,1
2376,1
2377,1
2378,0
2379,1
2380,0
2381,1
2382,1
2383,0
2384,0
2385,0
2386,0
2387,0
2388,0
2389,1
2390,1
2391,0
2392,0
2393,0
2394,1
2395,0
2396,1
2397,1
2398,0
2399,0
2400,1
2401,1
2402,0
2403,0
2404,0
2405,1
2406,0
2407,0
2408,0
2409,1
2410,1
2411,1
2412,0
2413,0
2414,0
2415,1
2416,1
2417,0
2418,1
2419,1
2420,0
2421,1
2422,1
2423,0
2424,1
2425,1
2426,1
2427,0
2428,0
2429,0
2430,1
2431,1
2432,1
2433,1
2434,1
2435,1
2436,0
2437,0
2438,1
2439,1
2440,1
2441,1
2442,1
2443,1
2444,1
2445,0
2446,1
2447,1
2448,0
2449,1
2450,1
2451,1
2452,1
2453,1
2454,1
2455,1
2456,1
2457,0
2458,1
2459,1
2460,1
2461,1
2462,1
2463,0
2464,0
2465,0
2466,1
2467,0
2468,1
2469,1
2470,1
2471,1
2472,0
2473,1
2474,0
2475,0
2476,0
2477,0
2478,1
2479,1
2480,0
2481,1
2482,0
2483,1
2484,0
2485,1
2486,1
2487,0
2488,1
2489,0
2490,1
2491,1
2492,1
2493,1
2494,1
2495,0
2496,0
2497,1
2498,1
2499,1
2500,1
2501,0
2502,1
2503,1
2504,0
2505,1
2506,0
2507,1
2508,1
2509,0
2510,0
2511,0
2512,1
2513,0
2514,0
2515,0
2516,1
2517,1
2518,0
2519,1
2520,0
2521,1
2522,1
2523,0
2524,0
2525,1
2526,0
2527,0
2528,0
2529,1
2530,0
2531,0
2532,1
2533,1
2534,0
2535,0
2536,1
2537,1
2538,0
2539,1
2540,0
2541,1
2542,0
2543,1
2544,1
2545,1
2546,1
2547,0
2548,0
2549,0
2550,0
2551,1
2552,1
2553,1
2554,0
2555,1
2556,0
2557,0
2558,1
2559,0
2560,0
2561,0
2562,1
2563,1
2564,0
2565,0
2566,0
2567,1
2568,0
2569,1
2570,0
2571,0
2572,1
2573,0
2574,1
2575,0
2576,0
2577,1
2578,0
2579,1
2580,1
2581,1
2582,0
2583,1
2584,1
2585,1
2586,0
2587,1
2588,0
2589,0
2590,1
2591,1
2592,0
2593,0
2594,0
2595,1
2596,1
2597,1
2598,0
2599,1
2600,1
2601,1
2602,1
2603,1
2604,0
2605,0
2606,1
2607,1
2608,1
2609,1
2610,1
2611,0
2612,0
2613,1
2614,1
2615,1
2616,0
2617,0
2618,0
2619,0
2620,1
2621,1
2622,1
2623,1
2624,0
2625,1
2626,0
2627,0
2628,1
2629,1
2630,0
2631,1
2632,1
2633,1
2634,1
2635,0
2636,1
2637,0
2638,0
2639,0
2640,1
2641,1
2642,0
2643,1
2644,1
2645,1
2646,0
2647,0
2648,0
2649,1
2650,1
2651,0
2652,1
2653,1
2654,1
2655,0
2656,1
2657,1
2658,1
2659,0
2660,1
2661,1
2662,1
2663,1
2664,0
2665,0
2666,0
2667,1
2668,1
2669,1
2670,1
2671,0
2672,1
2673,1
2674,1
2675,0
2676,0
2677,1
2678,0
2679,1
2680,1
2681,0
2682,0
2683,0
2684,0
2685,0
2686,1
2687,0
2688,1
2689,0
2690,1
2691,1
2692,1
2693,1
2694,1
2695,1
2696,1
2697,0
2698,0
2699,1
2700,0
2701,1
2702,0
2703,0
2704,1
2705,0
2706,0
2707,1
2708,1
2709,1
2710,1
2711,0
2712,0
2713,1
2714,0
2715,0
2716,0
2717,1
2718,1
2719,0
2720,0
2721,0
2722,1
2723,1
2724,1
2725,1
2726,1
2727,1
2728,0
2729,0
2730,1
2731,0
2732,1
2733,1
2734,0
2735,0
2736,0
2737,1
2738,0
2739,0
2740,1
2741,0
2742,0
2743,0
2744,1
2745,0
2746,0
2747,1
2748,0
2749,1
2750,0
2751,0
2752,1
2753,1
2754,1
2755,1
2756,0
2757,1
2758,0
2759,0
2760,0
2761,0
2762,1
2763,1
2764,0
2765,0
2766,1
2767,0
2768,1
2769,0
2770,0
2771,0
2772,1
2773,0
2774,0
2775,0
2776,0
2777,1
2778,1
2779,0
2780,1
2781,0
2782,0
2783,0
2784,0
2785,0
2786,0
2787,1
2788,1
2789,1
2790,0
2791,1
2792,0
2793,1
2794,0
2795,0
2796,1
2797,1
2798,1
2799,0
2800,1
2801,1
2802,1
2803,0
2804,0
2805,0
2806,0
2807,1
2808,1
2809,0
2810,1
2811,0
2812,0
2813,1
2814,0
2815,0
2816,0
2817,1
2818,0
2819,1
2820,1
2821,0
2822,1
2823,0
2824,0
2825,1
2826,1
2827,0
2828,0
2829,0
2830,0
2831,1
2832,0
2833,0
2834,1
2835,0
2836,1
2837,1
2838,0
2839,1
2840,0
2841,0
2842,0
2843,0
2844,0
2845,0
2846,0
2847,0
2848,0
2849,0
2850,1
2851,0
2852,1
2853,0
2854,0
2855,1
2856,0
2857,1
2858,1
2859,0
2860,1
2861,1
2862,1
2863,0
2864,0
2865,0
2866,1
2867,1
2868,0
2869,0
2870,0
2871,0
2872,0
2873,1
2874,1
2875,1
2876,0
2877,1
2878,0
2879,0
2880,0
2881,1
2882,1
2883,0
2884,1
2885,0
2886,0
2887,1
2888,1
2889,1
2890,1
2891,1
2892,0
2893,0
2894,0
2895,1
2896,1
2897,1
2898,0
2899,1
2900,1
2901,1
2902,0
2903,0
2904,1
2905,0
2906,1
2907,0
2908,1
2909,1
2910,1
2911,1
2912,0
2913,1
2914,1
2915,0
2916,0
2917,0
2918,0
2919,0
2920,0
2921,0
2922,1
2923,1
2924,1
2925,0
2926,0
2927,0
2928,1
2929,0
2930,0
2931,1
2932,0
2933,0
2934,0
2935,1
2936,0
2937,0
2938,1
2939,0
2940,1
2941,1
2942,0
2943,0
2944,0
2945,0
2946,0
2947,1
2948,0
2949,1
2950,0
2951,0
2952,0
2953,1
2954,0
2955,0
2956,1
2957,1
2958,0
2959,1
2960,1
2961,0
2962,0
2963,0
2964,0
2965,1
2966,1
2967,1
2968,1
2969,0
2970,0
2971,0
2972,0
2973,1
2974,0
2975,0
2976,1
2977,0
2978,0
2979,1
2980,1
2981,1
2982,0
2983,0
2984,1
2985,0
2986,0
2987,1
2988,0
2989,0
2990,0
2991,1
2992,1
2993,0
2994,1
2995,0
2996,1
2997,0
2998,1
2999,0
3000,1
3001,1
3002,0
3003,1
3004,1
3005,0
3006,0
3007,1
3008,1
3009,0
3010,1
3011,0
3012,0
3013,0
3014,1
3015,1
3016,0
3017,1
3018,1
3019,0
3020,1
3021,0
3022,0
3023,0
3024,0
3025,0
3026,1
3027,0
3028,1
3029,0
3030,0
3031,0
3032,1
3033,0
3034,0
3035,1
3036,1
3037,1
3038,0
3039,0
3040,1
3041,0
3042,1
3043,0
3044,1
3045,1
3046,0
3047,0
3048,1
3049,1
3050,0
3051,1
3052,0
3053,0
3054,0
3055,0
3056,0
3057,0
3058,1
3059,1
3060,0
3061,1
3062,0
3063,0
3064,1
3065,0
3066,1
3067,1
3068,1
3069,1
3070,1
3071,0
3072,0
3073,0
3074,0
3075,0
3076,1
3077,0
3078,1
3079,0
3080,1
3081,0
3082,0
3083,1
3084,1
3085,1
3086,1
3087,1
3088,0
3089,0
3090,0
3091,1
3092,0
3093,1
3094,0
3095,1
3096,1
3097,1
3098,0
3099,1
3100,1
3101,0
3102,0
3103,0
3104,1
3105,1
3106,1
3107,0
3108,1
3109,1
3110,1
3111,1
3112,1
3113,0
3114,1
3115,1
3116,0
3117,0
3118,1
3119,1
3120,1
3121,0
3122,0
3123,0
3124,1
3125,0
3126,0
3127,1
3128,0
3129,1
3130,0
3131,1
3132,1
3133,1
3134,1
3135,0
3136,1
3137,1
3138,1
3139,0
3140,0
3141,1
3142,0
3143,1
3144,0
3145,1
3146,1
3147,0
3148,0
3149,1
3150,1
3151,0
3152,0
3153,0
3154,1
3155,0
3156,0
3157,1
3158,1
3159,1
3160,0
3161,1
3162,0
3163,0
3164,0
3165,0
3166,1
3167,0
3168,1
3169,0
3170,0
3171,1
3172,1
3173,1
3174,1
3175,1
3176,0
3177,0
3178,1
3179,1
3180,1
3181,1
3182,0
3183,0
3184,0
3185,1
3186,0
3187,0
3188,1
3189,0
3190,0
3191,1
3192,1
3193,0
3194,0
3195,0
3196,0
3197,1
3198,1
3199,0
3200,1
3201,0
3202,1
3203,0
3204,1
3205,1
3206,1
3207,0
3208,1
3209,0
3210,1
3211,1
3212,0
3213,0
3214,1
3215,0
3216,1
3217,1
3218,0
3219,0
3220,0
3221,0
3222,1
3223,0
3224,1
3225,1
3226,1
3227,1
3228,1
3229,1
3230,0
3231,0
3232,1
3233,0
3234,0
3235,1
3236,0
3237,0
3238,0
3239,0
3240,1
3241,1
3242,0
3243,1
3244,0
3245,0
3246,1
3247,1
3248,1
3249,1
3250,0
3251,1
3252,1
3253,1
3254,1
3255,1
3256,0
3257,0
3258,1
3259,0
3260,0
3261,0
3262,0
3263,1
3264,0
3265,1
3266,0
3267,0
3268,1
3269,0
3270,0
3271,0
3272,0
3273,0
3274,0
3275,1
3276,1
3277,1
3278,1
3279,1
3280,0
3281,0
3282,1
3283,0
3284,1
3285,1
3286,1
3287,0
3288,1
3289,1
3290,1
3291,0
3292,1
3293,0
3294,0
3295,0
3296,0
3297,0
3298,1
3299,0
3300,1
3301,1
3302,0
3303,1
3304,1
3305,0
3306,1
3307,1
3308,0
3309,1
3310,1
3311,0
3312,0
3313,1
3314,0
3315,1
3316,1
3317,1
3318,0
3319,0
3320,1
3321,0
3322,1
3323,0
3324,1
3325,1
3326,0
3327,0
3328,0
3329,1
3330,0
3331,0
3332,0
3333,0
3334,1
3335,1
3336,1
3337,0
3338,1
3339,1
3340,1
3341,1
3342,0
3343,0
3344,0
3345,1
3346,0
3347,1
3348,1
3349,0
3350,1
3351,0
3352,1
3353,0
3354,0
3355,1
3356,1
3357,0
3358,0
3359,1
3360,1
3361,0
3362,1
3363,1
3364,0
3365,1
3366,1
3367,1
3368,1
3369,1
3370,1
3371,1
3372,1
3373,0
3374,0
3375,1
3376,1
3377,1
3378,1
3379,1
3380,0
3381,0
3382,0
3383,0
3384,0
3385,0
3386,1
3387,0
3388,1
3389,0
3390,0
3391,1
3392,1
3393,0
3394,0
3395,0
3396,1
3397,0
3398,1
3399,0
3400,1
3401,0
3402,1
3403,0
3404,0
3405,1
3406,0
3407,0
3408,1
3409,1
3410,1
3411,1
3412,0
3413,1
3414,0
3415,0
3416,0
3417,1
3418,1
3419,0
3420,0
3421,0
3422,1
3423,1
3424,0
3425,1
3426,0
3427,1
3428,1
3429,1
3430,0
3431,0
3432,1
3433,1
3434,0
3435,1
3436,0
3437,0
3438,0
3439,0
3440,0
3441,0
3442,0
3443,0
3444,1
3445,1
3446,0
3447,1
3448,0
3449,0
3450,1
3451,1
3452,1
3453,1
3454,1
3455,0
3456,1
3457,1
3458,1
3459,1
3460,0
3461,0
3462,0
3463,0
3464,0
3465,0
3466,0
3467,1
3468,1
3469,0
3470,1
3471,0
3472,1
3473,1
3474,1
3475,1
3476,0
3477,0
3478,0
3479,0
3480,1
3481,1
3482,0
3483,1
3484,0
3485,1
3486,1
3487,1
3488,1
3489,1
3490,1
3491,0
3492,0
3493,1
3494,1
3495,0
3496,0
3497,0
3498,1
3499,1
3500,1
3501,1
3502,0
3503,1
3504,0
3505,0
3506,1
3507,0
3508,0
3509,0
3510,1
3511,0
3512,1
3513,0
3514,1
3515,0
3516,1
3517,0
3518,0
3519,1
3520,1
3521,0
3522,1
3523,1
3524,0
3525,0
3526,1
3527,0
3528,1
3529,1
3530,1
3531,0
3532,1
3533,1
3534,1
3535,1
3536,0
3537,1
3538,0
3539,0
3540,1
3541,0
3542,1
3543,0
3544,1
3545,0
3546,1
3547,0
3548,0
3549,1
3550,0
3551,1
3552,0
3553,1
3554,0
3555,0
3556,0
3557,1
3558,1
3559,0
3560,1
3561,0
3562,1
3563,0
3564,1
3565,1
3566,1
3567,1
3568,1
3569,0
3570,0
3571,1
3572,1
3573,0
3574,1
3575,1
3576,1
3577,1
3578,0
3579,0
3580,0
3581,1
3582,0
3583,0
3584,0
3585,0
3586,1
3587,1
3588,0
3589,0
3590,0
3591,0
3592,1
3593,0
3594,1
3595,1
3596,1
3597,0
3598,1
3599,0
3600,1
3601,0
3602,0
3603,1
3604,0
3605,0
3606,1
3607,1
3608,0
3609,1
3610,1
3611,1
3612,0
3613,0
3614,0
3615,1
3616,1
3617,0
3618,1
3619,0
3620,1
3621,0
3622,1
3623,0
3624,1
3625,0
3626,0
3627,0
3628,1
3629,0
3630,0
3631,1
3632,1
3633,0
3634,0
3635,0
3636,0
3637,1
3638,1
3639,0
3640,0
3641,0
3642,1
3643,1
3644,1
3645,1
3646,0
3647,1
3648,1
3649,0
3650,0
3651,0
3652,0
3653,1
3654,1
3655,0
3656,1
3657,1
3658,0
3659,0
3660,0
3661,1
3662,0
3663,0
3664,1
3665,0
3666,1
3667,1
3668,1
3669,1
3670,0
3671,1
3672,1
3673,1
3674,1
3675,0
3676,1
3677,0
3678,0
3679,1
3680,0
3681,0
3682,1
3683,1
3684,1
3685,0
3686,0
3687,1
3688,0
3689,0
3690,1
3691,0
3692,1
3693,1
3694,0
3695,1
3696,1
3697,0
3698,0
3699,0
3700,0
3701,0
3702,1
3703,0
3704,0
3705,1
3706,0
3707,0
3708,1
3709,1
3710,1
3711,1
3712,1
3713,0
3714,1
3715,0
3716,0
3717,1
3718,0
3719,1
3720,0
3721,0
3722,0
3723,0
3724,0
3725,0
3726,1
3727,1
3728,1
3729,0
3730,1
3731,0
3732,1
3733,1
3734,0
3735,1
3736,0
3737,0
3738,1
3739,0
3740,1
3741,1
3742,1
3743,0
3744,0
3745,0
3746,1
3747,0
3748,0
3749,0
3750,1
3751,1
3752,0
3753,0
3754,1
3755,0
3756,1
3757,0
3758,0
3759,0
3760,0
3761,1
3762,1
3763,0
3764,0
3765,1
3766,1
3767,0
3768,1
3769,0
3770,0
3771,0
3772,1
3773,1
3774,1
3775,0
3776,1
3777,1
3778,0
3779,0
3780,1
3781,1
3782,0
3783,0
3784,0
3785,0
3786,0
3787,1
3788,0
3789,0
3790,0
3791,1
3792,0
3793,1
3794,1
3795,1
3796,0
3797,0
3798,1
3799,1
3800,1
3801,1
3802,0
3803,0
3804,0
3805,1
3806,0
3807,0
3808,1
3809,0
3810,0
3811,1
3812,1
3813,0
3814,0
3815,0
3816,1
3817,1
3818,1
3819,0
3820,0
3821,1
3822,1
3823,0
3824,1
3825,1
3826,1
3827,0
3828,0
3829,0
3830,1
3831,0
3832,0
3833,0
3834,0
3835,0
3836,0
3837,0
3838,1
3839,1
3840,1
3841,1
3842,1
3843,1
3844,0
3845,1
3846,1
3847,1
3848,0
3849,0
3850,1
3851,1
3852,0
3853,0
3854,0
3855,0
3856,0
3857,0
3858,1
3859,0
3860,1
3861,1
3862,1
3863,1
3864,1
3865,1
3866,1
3867,1
3868,1
3869,1
3870,0
3871,1
3872,0
3873,1
3874,0
3875,0
3876,0
3877,1
3878,0
3879,1
3880,0
3881,0
3882,0
3883,0
3884,1
3885,0
3886,0
3887,0
3888,1
3889,0
3890,1
3891,0
3892,0
3893,1
3894,1
3895,0
3896,0
3897,0
3898,0
3899,0
3900,0
3901,1
3902,1
3903,0
3904,1
3905,1
3906,0
3907,1
3908,0
3909,0
3910,1
3911,0
3912,0
3913,0
3914,0
3915,1
3916,1
3917,1
3918,0
3919,1
3920,0
3921,0
3922,1
3923,0
3924,1
3925,1
3926,1
3927,0
3928,0
3929,1
3930,0
3931,1
3932,0
3933,1
3934,0
3935,1
3936,1
3937,1
3938,0
3939,0
3940,1
3941,0
3942,0
3943,1
3944,1
3945,1
3946,1
3947,1
3948,0
3949,1
3950,1
3951,1
3952,0
3953,1
3954,1
3955,0
3956,0
3957,1
3958,1
3959,1
3960,0
3961,0
3962,0
3963,0
3964,0
3965,1
3966,1
3967,1
3968,0
3969,1
3970,0
3971,1
3972,0
3973,1
3974,0
3975,0
3976,1
3977,0
3978,0
3979,1
3980,0
3981,1
3982,1
3983,0
3984,1
3985,0
3986,1
3987,1
3988,1
3989,1
3990,0
3991,1
3992,1
3993,1
3994,0
3995,0
3996,1
3997,0
3998,0
3999,1
4000,0
4001,1
4002,0
4003,0
4004,0
4005,0
4006,0
4007,0
4008,1
4009,1
4010,1
4011,1
4012,1
4013,0
4014,0
4015,0
4016,0
4017,1
4018,0
4019,1
4020,0
4021,0
4022,1
4023,0
4024,1
4025,1
4026,0
4027,0
4028,0
4029,0
4030,0
4031,1
4032,0
4033,0
4034,1
4035,0
4036,0
4037,1
4038,0
4039,0
4040,0
4041,1
4042,1
4043,1
4044,0
4045,1
4046,1
4047,1
4048,0
4049,0
4050,0
4051,1
4052,1
4053,0
4054,1
4055,1
4056,0
4057,1
4058,0
4059,1
4060,0
4061,0
4062,1
4063,0
4064,1
4065,0
4066,1
4067,1
4068,0
4069,1
4070,1
4071,0
4072,1
4073,0
4074,1
4075,0
4076,1
4077,1
4078,0
4079,0
4080,1
4081,1
4082,1
4083,1
4084,0
4085,0
4086,0
4087,1
4088,0
4089,1
4090,1
4091,1
4092,0
4093,1
4094,0
4095,0
4096,1
4097,1
4098,0
4099,0
4100,1
4101,0
4102,0
4103,0
4104,0
4105,1
4106,0
4107,1
4108,1
4109,1
4110,1
4111,0
4112,1
4113,1
4114,1
4115,1
4116,1
4117,1
4118,1
4119,1
4120,1
4121,0
4122,0
4123,0
4124,1
4125,1
4126,1
4127,0
4128,0
4129,1
4130,0
4131,0
4132,1
4133,1
4134,1
4135,0
4136,0
4137,0
4138,0
4139,0
4140,1
4141,0
4142,0
4143,0
4144,0
4145,0
4146,1
4147,0
4148,0
4149,1
4150,1
4151,0
4152,0
4153,1
4154,0
4155,1
4156,1
4157,0
4158,0
4159,1
4160,1
4161,1
4162,1
4163,1
4164,1
4165,0
4166,0
4167,1
4168,0
4169,0
4170,0
4171,0
4172,1
4173,1
4174,1
4175,0
4176,1
4177,0
4178,0
4179,1
4180,0
4181,0
4182,0
4183,0
4184,1
4185,1
4186,0
4187,1
4188,0
4189,1
4190,1
4191,0
4192,1
4193,1
4194,0
4195,1
4196,1
4197,0
4198,0
4199,1
4200,0
4201,1
4202,0
4203,1
4204,1
4205,0
4206,1
4207,0
4208,0
4209,0
4210,0
4211,1
4212,1
4213,0
4214,0
4215,1
4216,1
4217,0
4218,0
4219,1
4220,0
4221,0
4222,0
4223,1
4224,1
4225,1
4226,1
4227,1
4228,1
4229,0
4230,1
4231,0
4232,0
4233,0
4234,1
4235,0
4236,1
4237,0
4238,0
4239,0
4240,0
4241,1
4242,1
4243,0
4244,0
4245,1
4246,0
4247,0
4248,1
4249,1
4250,0
4251,1
4252,0
4253,1
4254,0
4255,0
4256,1
4257,1
4258,1
4259,1
4260,0
4261,0
4262,1
4263,0
4264,0
4265,1
4266,0
4267,0
4268,1
4269,0
4270,1
4271,1
4272,0
4273,1
4274,1
4275,0
4276,1
4277,0
4278,1
4279,1
4280,1
4281,0
4282,0
4283,0
4284,0
4285,0
4286,0
4287,1
4288,1
4289,1
4290,0
4291,0
4292,0
4293,0
4294,1
4295,0
4296,0
4297,0
4298,0
4299,1
4300,1
4301,1
4302,1
4303,1
4304,1
4305,1
4306,0
4307,1
4308,0
4309,0
4310,0
4311,0
4312,0
4313,1
4314,1
4315,1
4316,0
4317,1
4318,1
4319,1
4320,1
4321,1
4322,0
4323,1
4324,0
4325,0
4326,1
4327,0
4328,0
4329,0
4330,1
4331,0
4332,0
4333,1
4334,1
4335,1
4336,0
4337,1
4338,0
4339,1
4340,1
4341,0
4342,0
4343,1
4344,1
4345,1
4346,1
4347,0
4348,1
4349,0
4350,1
4351,0
4352,1
4353,0
4354,1
4355,1
4356,1
4357,0
4358,1
4359,0
4360,1
4361,0
4362,1
4363,1
4364,0
4365,1
4366,1
4367,1
4368,0
4369,1
4370,0
4371,0
4372,1
4373,1
4374,0
4375,0
4376,0
4377,0
4378,1
4379,1
4380,0
4381,1
4382,0
4383,1
4384,0
4385,1
4386,1
4387,1
4388,0
4389,0
4390,1
4391,1
4392,0
4393,0
4394,1
4395,0
4396,0
4397,0
4398,0
4399,1
4400,0
4401,1
4402,0
4403,0
4404,1
4405,1
4406,0
4407,0
4408,0
4409,0
4410,1
4411,0
4412,0
4413,1
4414,1
4415,1
4416,1
4417,0
4418,0
4419,0
4420,1
4421,0
4422,1
4423,1
4424,1
4425,1
4426,1
4427,1
4428,0
4429,1
4430,0
4431,1
4432,0
4433,0
4434,0
4435,0
4436,1
4437,1
4438,0
4439,0
4440,1
4441,1
4442,0
4443,0
4444,0
4445,1
4446,0
4447,0
4448,1
4449,0
4450,0
4451,1
4452,0
4453,0
4454,0
4455,1
4456,1
4457,1
4458,0
4459,1
4460,1
4461,0
4462,1
4463,0
4464,0
4465,0
4466,0
4467,0
4468,0
4469,0
4470,1
4471,1
4472,0
4473,1
4474,1
4475,0
4476,0
4477,1
4478,1
4479,0
4480,1
4481,1
4482,1
4483,0
4484,1
4485,1
4486,0
4487,0
4488,0
4489,1
4490,1
4491,0
4492,0
4493,0
4494,0
4495,1
4496,0
4497,1
4498,0
4499,1
4500,1
4501,0
4502,0
4503,0
4504,1
4505,1
4506,1
4507,0
4508,1
4509,1
4510,0
4511,1
4512,0
4513,0
4514,0
4515,0
4516,0
4517,0
4518,1
4519,1
4520,0
4521,0
4522,1
4523,1
4524,1
4525,1
4526,0
4527,1
4528,1
4529,1
4530,0
4531,1
4532,1
4533,1
4534,0
4535,0
4536,1
4537,0
4538,0
4539,1
4540,1
4541,0
4542,1
4543,1
4544,0
4545,0
4546,0
4547,0
4548,1
4549,0
4550,0
4551,0
4552,0
4553,0
4554,1
4555,1
4556,0
4557,1
4558,1
4559,0
4560,1
4561,0
4562,0
4563,0
4564,1
4565,1
4566,0
4567,0
4568,1
4569,1
4570,0
4571,1
4572,0
4573,1
4574,1
4575,0
4576,1
4577,1
4578,1
4579,1
4580,0
4581,0
4582,0
4583,0
4584,1
4585,1
4586,1
4587,1
4588,1
4589,0
4590,0
4591,0
4592,0
4593,1
4594,0
4595,1
4596,1
4597,1
4598,1
4599,1
4600,1
4601,0
4602,0
4603,1
4604,0
4605,1
4606,1
4607,1
4608,1
4609,0
4610,1
4611,0
4612,1
4613,1
4614,0
4615,0
4616,1
4617,0
4618,1
4619,0
4620,1
4621,1
4622,1
4623,0
4624,0
4625,1
4626,1
4627,1
4628,0
4629,1
4630,1
4631,1
4632,1
4633,1
4634,0
4635,1
4636,1
4637,0
4638,1
4639,1
4640,0
4641,0
4642,1
4643,0
4644,0
4645,1
4646,1
4647,1
4648,1
4649,0
4650,0
4651,1
4652,1
4653,1
4654,0
4655,0
4656,0
4657,1
4658,1
4659,1
4660,1
4661,1
4662,1
4663,0
4664,1
4665,0
4666,1
4667,0
4668,1
4669,1
4670,1
4671,1
4672,1
4673,1
4674,0
4675,1
4676,0
4677,1
4678,1
4679,0
4680,0
4681,0
4682,0
4683,0
4684,0
4685,1
4686,0
4687,0
4688,0
4689,0
4690,1
4691,0
4692,1
4693,1
4694,0
4695,1
4696,1
4697,1
4698,0
4699,1
4700,1
4701,1
4702,0
4703,1
4704,1
4705,0
4706,0
4707,1
4708,0
4709,1
4710,1
4711,1
4712,1
4713,1
4714,0
4715,0
4716,1
4717,0
4718,1
4719,0
4720,0
4721,1
4722,0
4723,0
4724,1
4725,0
4726,0
4727,0
4728,1
4729,0
4730,0
4731,0
4732,0
4733,1
4734,0
4735,1
4736,1
4737,1
4738,1
4739,1
4740,1
4741,1
4742,1
4743,0
4744,0
4745,1
4746,0
4747,1
4748,0
4749,1
4750,1
4751,0
4752,1
4753,1
4754,0
4755,0
4756,0
4757,0
4758,1
4759,1
4760,1
4761,0
4762,1
4763,0
4764,1
4765,0
4766,1
4767,1
4768,1
4769,0
4770,0
4771,1
4772,0
4773,1
4774,1
4775,0
4776,1
4777,1
4778,1
4779,1
4780,0
4781,0
4782,0
4783,1
4784,1
4785,0
4786,1
4787,1
4788,1
4789,1
4790,1
4791,1
4792,1
4793,1
4794,0
4795,0
4796,0
4797,1
4798,0
4799,1
4800,1
4801,0
4802,1
4803,1
4804,0
4805,1
4806,1
4807,0
4808,0
4809,1
4810,0
4811,0
4812,1
4813,1
4814,1
4815,1
4816,1
4817,1
4818,1
4819,1
4820,1
4821,1
4822,0
4823,0
4824,1
4825,1
4826,0
4827,0
4828,1
4829,0
4830,0
4831,0
4832,0
4833,0
4834,0
4835,1
4836,0
4837,1
4838,0
4839,1
4840,0
4841,0
4842,1
4843,1
4844,0
4845,0
4846,1
4847,0
4848,0
4849,1
4850,1
4851,0
4852,1
4853,0
4854,1
4855,1
4856,0
4857,1
4858,0
4859,1
4860,0
4861,1
4862,0
4863,0
4864,0
4865,1
4866,0
4867,0
4868,1
4869,0
4870,0
4871,0
4872,0
4873,0
4874,0
4875,0
4876,1
4877,1
4878,1
4879,1
4880,1
4881,0
4882,0
4883,1
4884,1
4885,1
4886,1
4887,1
4888,0
4889,1
4890,1
4891,0
4892,0
4893,1
4894,1
4895,1
4896,0
4897,0
4898,1
4899,1
4900,1
4901,1
4902,1
4903,0
4904,1
4905,0
4906,1
4907,0
4908,0
4909,0
4910,1
4911,1
4912,0
4913,1
4914,0
4915,1
4916,1
4917,1
4918,0
4919,0
4920,1
4921,0
4922,0
4923,1
4924,0
4925,1
4926,0
4927,0
4928,0
4929,1
4930,1
4931,1
4932,1
4933,0
4934,1
4935,0
4936,1
4937,1
4938,1
4939,1
4940,0
4941,0
4942,1
4943,1
4944,1
4945,0
4946,0
4947,1
4948,1
4949,0
4950,1
4951,0
4952,0
4953,0
4954,0
4955,1
4956,0
4957,0
4958,0
4959,0
4960,1
4961,1
4962,0
4963,0
4964,1
4965,1
4966,0
4967,0
4968,1
4969,0
4970,1
4971,0
4972,0
4973,1
4974,1
4975,0
4976,1
4977,1
4978,0
4979,1
4980,0
4981,1
4982,1
4983,0
4984,0
4985,0
4986,0
4987,0
4988,0
4989,0
4990,0
4991,0
4992,0
4993,0
4994,1
4995,1
4996,0
4997,1
4998,0
4999,0
5000,0
5001,0
5002,0
5003,0
5004,1
5005,1
5006,0
5007,0
5008,1
5009,1
5010,0
5011,1
5012,0
5013,1
5014,1
5015,1
5016,1
5017,0
5018,0
5019,0
5020,1
5021,1
5022,1
5023,1
5024,1
5025,0
5026,1
5027,0
5028,0
5029,0
5030,0
5031,0
5032,0
5033,0
5034,0
5035,0
5036,1
5037,0
5038,0
5039,0
5040,1
5041,1
5042,0
5043,1
5044,0
5045,0
5046,0
5047,1
5048,1
5049,1
5050,1
5051,1
5052,0
5053,1
5054,0
5055,1
5056,0
5057,1
5058,0
5059,0
5060,0
5061,0
5062,0
5063,1
5064,0
5065,1
5066,1
5067,1
5068,0
5069,0
5070,0
5071,1
5072,0
5073,1
5074,1
5075,0
5076,0
5077,1
5078,1
5079,0
5080,0
5081,0
5082,1
5083,1
5084,1
5085,0
5086,0
5087,0
5088,1
5089,0
5090,1
5091,1
5092,1
5093,0
5094,1
5095,1
5096,0
5097,1
5098,0
5099,1
5100,0
5101,1
5102,1
5103,0
5104,1
5105,0
5106,1
5107,1
5108,1
5109,0
5110,1
5111,0
5112,0
5113,1
5114,1
5115,1
5116,0
5117,1
5118,1
5119,0
5120,0
5121,0
5122,0
5123,1
5124,0
5125,1
5126,1
5127,1
5128,0
5129,0
5130,0
5131,1
5132,0
5133,1
5134,1
5135,1
5136,0
5137,1
5138,0
5139,1
5140,1
5141,1
5142,0
5143,1
5144,0
5145,1
5146,0
5147,1
5148,0
5149,0
5150,0
5151,0
5152,1
5153,0
5154,0
5155,0
5156,1
5157,0
5158,1
5159,0
5160,0
5161,1
5162,1
5163,0
5164,1
5165,0
5166,0
5167,0
5168,0
5169,1
5170,0
5171,1
5172,0
5173,1
5174,0
5175,1
5176,1
5177,1
5178,0
5179,1
5180,1
5181,1
5182,1
5183,0
5184,0
5185,1
5186,1
5187,0
5188,0
5189,0
5190,0
5191,1
5192,0
5193,1
5194,1
5195,0
5196,0
5197,0
5198,1
5199,0
5200,1
5201,0
5202,1
5203,0
5204,0
5205,0
5206,0
5207,1
5208,0
5209,1
5210,1
5211,0
5212,1
5213,0
5214,0
5215,0
5216,0
5217,1
5218,1
5219,1
5220,0
5221,0
5222,0
5223,1
5224,0
5225,1
5226,1
5227,1
5228,0
5229,1
5230,0
5231,1
5232,1
5233,0
5234,1
5235,1
5236,1
5237,1
5238,1
5239,1
5240,0
5241,0
5242,0
5243,1
5244,0
5245,1
5246,1
5247,1
5248,0
5249,1
5250,1
5251,1
5252,0
5253,1
5254,0
5255,1
5256,0
5257,1
5258,0
5259,0
5260,1
5261,1
5262,1
5263,0
5264,0
5265,0
5266,1
5267,1
5268,1
5269,1
5270,0
5271,1
5272,1
5273,1
5274,0
5275,1
5276,1
5277,1
5278,0
5279,1
5280,1
5281,1
5282,1
5283,1
5284,0
5285,1
5286,0
5287,0
5288,1
5289,1
5290,0
5291,0
5292,1
5293,1
5294,1
5295,0
5296,1
5297,1
5298,1
5299,1
5300,1
5301,1
5302,0
5303,0
5304,0
5305,1
5306,1
5307,0
5308,1
5309,0
5310,1
5311,1
5312,1
5313,0
5314,0
5315,0
5316,1
5317,0
5318,0
5319,0
5320,0
5321,0
5322,1
5323,1
5324,0
5325,1
5326,1
5327,0
5328,0
5329,0
5330,1
5331,0
5332,1
5333,1
5334,1
5335,0
5336,0
5337,0
5338,0
5339,1
5340,1
5341,0
5342,0
5343,1
5344,0
5345,0
5346,1
5347,1
5348,1
5349,1
5350,1
5351,0
5352,1
5353,1
5354,0
5355,0
5356,0
5357,1
5358,1
5359,0
5360,0
5361,1
5362,1
5363,0
5364,0
5365,0
5366,0
5367,1
5368,1
5369,0
5370,0
5371,1
5372,1
5373,1
5374,0
5375,0
5376,0
5377,1
5378,1
5379,1
5380,0
5381,1
5382,1
5383,1
5384,1
5385,0
5386,1
5387,1
5388,1
5389,0
5390,0
5391,0
5392,0
5393,1
5394,0
5395,1
5396,1
5397,1
5398,1
5399,1
5400,0
5401,0
5402,0
5403,1
5404,1
5405,0
5406,0
5407,1
5408,1
5409,1
5410,1
5411,1
5412,1
5413,1
5414,1
5415,1
5416,0
5417,1
5418,0
5419,0
5420,1
5421,0
5422,0
5423,1
5424,0
5425,0
5426,0
5427,1
5428,1
5429,0
5430,1
5431,0
5432,1
5433,1
5434,1
5435,1
5436,1
5437,1
5438,1
5439,0
5440,0
5441,0
5442,1
5443,1
5444,1
5445,1
5446,0
5447,0
5448,0
5449,0
5450,1
5451,0
5452,0
5453,1
5454,1
5455,0
5456,0
5457,0
5458,0
5459,1
5460,0
5461,0
5462,0
5463,0
5464,0
5465,1
5466,1
5467,1
5468,0
5469,0
5470,1
5471,1
5472,1
5473,0
5474,0
5475,1
5476,0
5477,0
5478,1
5479,1
5480,1
5481,0
5482,1
5483,0
5484,0
5485,1
5486,1
5487,0
5488,1
5489,1
5490,1
5491,0
5492,1
5493,1
5494,0
5495,1
5496,1
5497,1
5498,0
5499,0
5500,0
5501,0
5502,0
5503,1
5504,0
5505,1
5506,1
5507,1
5508,0
5509,1
5510,1
5511,1
5512,0
5513,1
5514,0
5515,1
5516,0
5517,0
5518,1
5519,0
5520,0
5521,1
5522,1
5523,0
5524,0
5525,0
5526,0
5527,0
5528,1
5529,0
5530,0
5531,0
5532,0
5533,0
5534,1
5535,0
5536,1
5537,0
5538,0
5539,1
5540,0
5541,1
5542,0
5543,0
5544,1
5545,0
5546,1
5547,0
5548,1
5549,1
5550,1
5551,0
5552,0
5553,0
5554,0
5555,0
5556,0
5557,0
5558,0
5559,0
5560,1
5561,0
5562,1
5563,1
5564,0
5565,0
5566,0
5567,0
5568,1
5569,0
5570,1
5571,0
5572,1
5573,1
5574,0
5575,0
5576,0
5577,0
5578,1
5579,1
5580,0
5581,0
5582,1
5583,0
5584,0
5585,1
5586,0
5587,1
5588,0
5589,0
5590,1
5591,1
5592,1
5593,1
5594,1
5595,0
5596,1
5597,0
5598,0
5599,0
5600,0
5601,1
5602,1
5603,0
5604,0
5605,1
5606,1
5607,0
5608,0
5609,0
5610,1
5611,0
5612,0
5613,1
5614,0
5615,0
5616,1
5617,0
5618,1
5619,1
5620,0
5621,0
5622,1
5623,1
5624,1
5625,0
5626,1
5627,1
5628,0
5629,1
5630,0
5631,1
5632,0
5633,1
5634,0
5635,1
5636,1
5637,0
5638,0
5639,1
5640,1
5641,0
5642,1
5643,1
5644,0
5645,0
5646,1
5647,0
5648,1
5649,0
5650,1
5651,1
5652,1
5653,0
5654,0
5655,0
5656,0
5657,1
5658,1
5659,1
5660,0
5661,1
5662,1
5663,0
5664,0
5665,0
5666,0
5667,0
5668,1
5669,0
5670,1
5671,0
5672,1
5673,0
5674,0
5675,1
5676,1
5677,0
5678,1
5679,0
5680,1
5681,0
5682,1
5683,1
5684,0
5685,1
5686,1
5687,0
5688,1
5689,0
5690,1
5691,0
5692,1
5693,0
5694,1
5695,0
5696,0
5697,1
5698,0
5699,0
5700,1
5701,0
5702,1
5703,0
5704,0
5705,1
5706,0
5707,1
5708,1
5709,0
5710,1
5711,0
5712,1
5713,1
5714,1
5715,1
5716,0
5717,1
5718,0
5719,0
5720,1
5721,1
5722,0
5723,0
5724,1
5725,1
5726,1
5727,0
5728,1
5729,0
5730,1
5731,1
5732,0
5733,0
5734,0
5735,0
5736,1
5737,0
5738,0
5739,0
5740,1
5741,0
5742,1
5743,1
5744,0
5745,0
5746,0
5747,1
5748,0
5749,0
5750,0
5751,0
5752,0
5753,1
5754,0
5755,0
5756,0
5757,1
5758,1
5759,0
5760,0
5761,1
5762,1
5763,0
5764,0
5765,1
5766,1
5767,1
5768,1
5769,1
5770,0
5771,0
5772,1
5773,1
5774,1
5775,1
5776,1
5777,1
5778,0
5779,0
5780,1
5781,0
5782,1
5783,0
5784,1
5785,1
5786,0
5787,1
5788,1
5789,0
5790,1
5791,0
5792,1
5793,1
5794,0
5795,1
5796,0
5797,1
5798,0
5799,1
5800,1
5801,0
5802,0
5803,0
5804,0
5805,1
5806,1
5807,0
5808,0
5809,0
5810,0
5811,0
5812,1
5813,1
5814,0
5815,0
5816,1
5817,1
5818,0
5819,1
5820,1
5821,1
5822,1
5823,1
5824,0
5825,0
5826,0
5827,1
5828,1
5829,1
5830,1
5831,0
5832,0
5833,0
5834,1
5835,1
5836,1
5837,1
5838,1
5839,0
5840,0
5841,0
5842,1
5843,0
5844,1
5845,0
5846,1
5847,0
5848,1
5849,0
5850,0
5851,1
5852,0
5853,0
5854,0
5855,0
5856,1
5857,1
5858,0
5859,1
5860,0
5861,0
5862,0
5863,1
5864,0
5865,1
5866,1
5867,0
5868,0
5869,0
5870,1
5871,1
5872,0
5873,0
5874,0
5875,0
5876,0
5877,0
5878,1
5879,1
5880,1
5881,0
5882,0
5883,0
5884,1
5885,0
5886,1
5887,1
5888,1
5889,0
5890,0
5891,0
5892,0
5893,0
5894,1
5895,0
5896,1
5897,1
5898,1
5899,1
5900,0
5901,1
5902,0
5903,0
5904,1
5905,0
5906,0
5907,1
5908,0
5909,1
5910,1
5911,0
5912,1
5913,0
5914,0
5915,1
5916,1
5917,1
5918,0
5919,1
5920,1
5921,1
5922,1
5923,0
5924,0
5925,1
5926,0
5927,1
5928,0
5929,0
5930,1
5931,1
5932,0
5933,0
5934,0
5935,0
5936,0
5937,0
5938,0
5939,1
5940,0
5941,0
5942,1
5943,1
5944,1
5945,0
5946,1
5947,0
5948,0
5949,0
5950,1
5951,0
5952,1
5953,0
5954,1
5955,1
5956,0
5957,1
5958,1
5959,1
5960,0
5961,0
5962,0
5963,0
5964,0
5965,0
5966,1
5967,1
5968,0
5969,0
5970,0
5971,0
5972,1
5973,0
5974,1
5975,1
5976,0
5977,1
5978,1
5979,0
5980,0
5981,1
5982,0
5983,1
5984,1
5985,0
5986,0
5987,0
5988,1
5989,0
5990,1
5991,1
5992,1
5993,1
5994,0
5995,0
5996,0
5997,0
5998,0
5999,0
6000,0
6001,1
6002,0
6003,0
6004,0
6005,1
6006,0
6007,0
6008,0
6009,1
6010,0
6011,1
6012,1
6013,1
6014,0
6015,1
6016,1
6017,0
6018,0
6019,1
6020,0
6021,0
6022,0
6023,0
6024,0
6025,1
6026,0
6027,0
6028,0
6029,1
6030,0
6031,0
6032,0
6033,0
6034,0
6035,1
6036,1
6037,0
6038,0
6039,1
6040,0
6041,0
6042,1
6043,0
6044,1
6045,1
6046,0
6047,1
6048,0
6049,1
6050,1
6051,0
6052,1
6053,1
6054,0
6055,1
6056,1
6057,0
6058,0
6059,0
6060,1
6061,1
6062,0
6063,0
6064,1
6065,1
6066,1
6067,0
6068,0
6069,0
6070,1
6071,1
6072,0
6073,1
6074,1
6075,1
6076,1
6077,1
6078,1
6079,1
6080,1
6081,0
6082,0
6083,0
6084,1
6085,1
6086,0
6087,0
6088,1
6089,1
6090,1
6091,1
6092,1
6093,1
6094,1
6095,0
6096,0
6097,1
6098,1
6099,1
6100,1
6101,1
6102,1
6103,0
6104,1
6105,1
6106,0
6107,1
6108,0
6109,1
6110,0
6111,1
6112,1
6113,0
6114,1
6115,0
6116,1
6117,0
6118,0
6119,0
6120,1
6121,1
6122,1
6123,1
6124,1
6125,1
6126,1
6127,1
6128,0
6129,1
6130,0
6131,0
6132,0
6133,0
6134,0
6135,1
6136,1
6137,0
6138,1
6139,0
6140,0
6141,0
6142,0
6143,0
6144,0
6145,0
6146,0
6147,0
6148,1
6149,1
6150,0
6151,1
6152,0
6153,1
6154,0
6155,1
6156,0
6157,0
6158,1
6159,0
6160,0
6161,1
6162,1
6163,1
6164,1
6165,1
6166,0
6167,0
6168,0
6169,1
6170,1
6171,0
6172,1
6173,0
6174,0
6175,1
6176,1
6177,0
6178,0
6179,1
6180,1
6181,1
6182,1
6183,0
6184,0
6185,1
6186,1
6187,1
6188,1
6189,0
6190,0
6191,1
6192,0
6193,1
6194,0
6195,1
6196,0
6197,0
6198,1
6199,1
6200,0
6201,0
6202,1
6203,0
6204,0
6205,1
6206,0
6207,1
6208,0
6209,0
6210,0
6211,0
6212,1
6213,0
6214,0
6215,0
6216,1
6217,1
6218,1
6219,1
6220,1
6221,0
6222,1
6223,0
6224,1
6225,1
6226,1
6227,1
6228,1
6229,0
6230,0
6231,1
6232,0
6233,1
6234,0
6235,1
6236,0
6237,0
6238,1
6239,1
6240,0
6241,0
6242,1
6243,0
6244,0
6245,1
6246,0
6247,0
6248,1
6249,1
6250,0
6251,1
6252,0
6253,0
6254,1
6255,1
6256,1
6257,0
6258,0
6259,0
6260,1
6261,0
6262,0
6263,0
6264,0
6265,1
6266,0
6267,1
6268,0
6269,0
6270,1
6271,0
6272,0
6273,1
6274,1
6275,1
6276,0
6277,0
6278,0
6279,0
6280,0
6281,0
6282,1
6283,0
6284,1
6285,0
6286,0
6287,0
6288,0
6289,0
6290,1
6291,1
6292,0
6293,0
6294,1
6295,0
6296,0
6297,1
6298,1
6299,0
6300,1
6301,1
6302,1
6303,0
6304,1
6305,0
6306,1
6307,0
6308,1
6309,0
6310,1
6311,0
6312,1
6313,0
6314,0
6315,0
6316,0
6317,0
6318,0
6319,0
6320,1
6321,0
6322,0
6323,1
6324,1
6325,1
6326,1
6327,1
6328,0
6329,0
6330,0
6331,1
6332,1
6333,0
6334,0
6335,0
6336,0
6337,1
6338,0
6339,0
6340,0
6341,0
6342,0
6343,0
6344,1
6345,1
6346,0
6347,0
6348,1
6349,1
6350,0
6351,0
6352,0
6353,1
6354,0
6355,0
6356,0
6357,1
6358,0
6359,0
6360,0
6361,1
6362,1
6363,0
6364,1
6365,1
6366,1
6367,0
6368,0
6369,1
6370,0
6371,1
6372,1
6373,0
6374,0
6375,1
6376,1
6377,0
6378,0
6379,1
6380,0
6381,0
6382,1
6383,1
6384,1
6385,0
6386,1
6387,1
6388,0
6389,0
6390,1
6391,1
6392,0
6393,0
6394,0
6395,1
6396,1
6397,0
6398,0
6399,1
6400,1
6401,1
6402,1
6403,0
6404,0
6405,0
6406,1
6407,1
6408,1
6409,0
6410,1
6411,1
6412,1
6413,1
6414,0
6415,0
6416,1
6417,0
6418,0
6419,0
6420,0
6421,1
6422,0
6423,0
6424,0
6425,1
6426,1
6427,1
6428,1
6429,0
6430,1
6431,0
6432,1
6433,0
6434,1
6435,0
6436,0
6437,0
6438,1
6439,1
6440,0
6441,1
6442,0
6443,1
6444,0
6445,1
6446,0
6447,1
6448,1
6449,1
6450,0
6451,1
6452,0
6453,0
6454,1
6455,1
6456,1
6457,0
6458,0
6459,1
6460,1
6461,0
6462,0
6463,1
6464,1
6465,0
6466,0
6467,1
6468,0
6469,0
6470,1
6471,0
6472,1
6473,0
6474,1
6475,0
6476,0
6477,0
6478,1
6479,0
6480,1
6481,0
6482,0
6483,1
6484,0
6485,1
6486,1
6487,1
6488,0
6489,0
6490,1
6491,1
6492,1
6493,0
6494,1
6495,1
6496,1
6497,1
6498,0
6499,0
6500,1
6501,1
6502,1
6503,1
6504,1
6505,1
6506,1
6507,0
6508,1
6509,0
6510,0
6511,1
6512,0
6513,1
6514,1
6515,0
6516,0
6517,0
6518,1
6519,0
6520,1
6521,1
6522,1
6523,1
6524,1
6525,1
6526,1
6527,0
6528,1
6529,1
6530,0
6531,1
6532,1
6533,0
6534,1
6535,0
6536,1
6537,1
6538,0
6539,0
6540,1
6541,0
6542,0
6543,0
6544,1
6545,0
6546,1
6547,1
6548,1
6549,1
6550,0
6551,1
6552,0
6553,1
6554,1
6555,1
6556,1
6557,1
6558,0
6559,1
6560,1
6561,1
6562,0
6563,0
6564,0
6565,0
6566,1
6567,1
6568,1
6569,1
6570,0
6571,1
6572,0
6573,0
6574,0
6575,0
6576,1
6577,1
6578,1
6579,1
6580,1
6581,0
6582,0
6583,1
6584,0
6585,0
6586,0
6587,0
6588,0
6589,0
6590,1
6591,0
6592,0
6593,1
6594,1
6595,1
6596,1
6597,0
6598,0
6599,1
6600,1
6601,1
6602,1
6603,1
6604,1
6605,1
6606,1
6607,1
6608,1
6609,0
6610,1
6611,1
6612,1
6613,1
6614,1
6615,1
6616,1
6617,0
6618,0
6619,0
6620,1
6621,0
6622,1
6623,0
6624,1
6625,0
6626,1
6627,0
6628,1
6629,0
6630,0
6631,1
6632,1
6633,0
6634,0
6635,1
6636,1
6637,1
6638,0
6639,1
6640,1
6641,1
6642,1
6643,0
6644,0
6645,0
6646,1
6647,1
6648,0
6649,0
6650,1
6651,0
6652,0
6653,0
6654,0
6655,0
6656,0
6657,0
6658,1
6659,1
6660,0
6661,1
6662,1
6663,0
6664,0
6665,1
6666,1
6667,1
6668,0
6669,1
6670,0
6671,0
6672,1
6673,0
6674,1
6675,0
6676,1
6677,1
6678,1
6679,1
6680,1
6681,1
6682,0
6683,1
6684,0
6685,0
6686,1
6687,0
6688,0
6689,0
6690,0
6691,0
6692,0
6693,0
6694,1
6695,0
6696,0
6697,0
6698,1
6699,0
6700,1
6701,1
6702,0
6703,1
6704,0
6705,1
6706,1
6707,0
6708,1
6709,1
6710,0
6711,0
6712,1
6713,0
6714,1
6715,0
6716,0
6717,1
6718,0
6719,1
6720,0
6721,1
6722,1
6723,0
6724,0
6725,1
6726,1
6727,1
6728,0
6729,0
6730,0
6731,1
6732,1
6733,0
6734,0
6735,1
6736,0
6737,0
6738,0
6739,0
6740,0
6741,1
6742,1
6743,1
6744,0
6745,1
6746,0
6747,0
6748,1
6749,0
6750,0
6751,0
6752,1
6753,1
6754,1
6755,1
6756,1
6757,1
6758,0
6759,0
6760,1
6761,0
6762,0
6763,1
6764,1
6765,0
6766,1
6767,0
6768,1
6769,0
6770,0
6771,1
6772,0
6773,0
6774,1
6775,0
6776,1
6777,0
6778,0
6779,0
6780,1
6781,1
6782,1
6783,1
6784,0
6785,1
6786,0
6787,1
6788,0
6789,0
6790,1
6791,0
6792,1
6793,0
6794,1
6795,0
6796,0
6797,0
6798,0
6799,0
6800,0
6801,1
6802,0
6803,0
6804,1
6805,0
6806,0
6807,0
6808,0
6809,0
6810,0
6811,1
6812,0
6813,1
6814,1
6815,1
6816,0
6817,1
6818,0
6819,1
6820,1
6821,0
6822,1
6823,0
6824,1
6825,0
6826,0
6827,0
6828,0
6829,0
6830,0
6831,0
6832,1
6833,0
6834,1
6835,1
6836,1
6837,1
6838,1
6839,1
6840,0
6841,0
6842,0
6843,0
6844,0
6845,0
6846,0
6847,0
6848,1
6849,0
6850,1
6851,0
6852,1
6853,0
6854,1
6855,0
6856,0
6857,0
6858,0
6859,0
6860,0
6861,1
6862,1
6863,1
6864,1
6865,0
6866,1
6867,0
6868,0
6869,1
6870,1
6871,0
6872,0
6873,1
6874,0
6875,1
6876,0
6877,0
6878,0
6879,1
6880,0
6881,0
6882,1
6883,0
6884,1
6885,1
6886,0
6887,0
6888,1
6889,1
6890,1
6891,0
6892,1
6893,1
6894,0
6895,0
6896,1
6897,0
6898,1
6899,0
6900,0
6901,0
6902,1
6903,0
6904,1
6905,1
6906,1
6907,1
6908,1
6909,1
6910,0
6911,0
6912,0
6913,1
6914,0
6915,1
6916,0
6917,0
6918,0
6919,1
6920,1
6921,1
6922,0
6923,1
6924,1
6925,0
6926,0
6927,1
6928,0
6929,1
6930,1
6931,1
6932,1
6933,1
6934,0
6935,1
6936,1
6937,1
6938,0
6939,1
6940,1
6941,1
6942,0
6943,1
6944,0
6945,1
6946,0
6947,0
6948,1
6949,0
6950,0
6951,1
6952,0
6953,0
6954,1
6955,0
6956,0
6957,0
6958,0
6959,0
6960,1
6961,1
6962,1
6963,0
6964,1
6965,0
6966,0
6967,1
6968,1
6969,1
6970,1
6971,1
6972,1
6973,1
6974,1
6975,1
6976,1
6977,0
6978,0
6979,1
6980,0
6981,1
6982,0
6983,1
6984,1
6985,0
6986,1
6987,0
6988,0
6989,1
6990,1
6991,0
6992,1
6993,0
6994,0
6995,1
6996,0
6997,0
6998,1
6999,1
7000,0
7001,0
7002,0
7003,1
7004,1
7005,0
7006,1
7007,0
7008,0
7009,1
7010,1
7011,1
7012,0
7013,1
7014,0
7015,0
7016,0
7017,0
7018,1
7019,0
7020,1
7021,0
7022,1
7023,0
7024,0
7025,1
7026,0
7027,1
7028,0
7029,1
7030,0
7031,1
7032,0
7033,1
7034,0
7035,0
7036,1
7037,1
7038,0
7039,0
7040,0
7041,1
7042,1
7043,0
7044,0
7045,0
7046,1
7047,0
7048,1
7049,1
7050,0
7051,0
7052,0
7053,0
7054,0
7055,1
7056,1
7057,0
7058,1
7059,0
7060,1
7061,1
7062,0
7063,1
7064,0
7065,1
7066,1
7067,1
7068,0
7069,1
7070,0
7071,1
7072,0
7073,0
7074,0
7075,0
7076,0
7077,0
7078,1
7079,1
7080,0
7081,0
7082,1
7083,0
7084,0
7085,1
7086,0
7087,1
7088,1
7089,1
7090,0
7091,1
7092,0
7093,1
7094,0
7095,0
7096,1
7097,0
7098,0
7099,1
7100,1
7101,0
7102,0
7103,0
7104,0
7105,1
7106,1
7107,0
7108,1
7109,1
7110,1
7111,0
7112,1
7113,0
7114,1
7115,0
7116,1
7117,0
7118,0
7119,0
7120,0
7121,0
7122,0
7123,1
7124,1
7125,0
7126,1
7127,0
7128,1
7129,0
7130,0
7131,0
7132,1
7133,1
7134,1
7135,1
7136,1
7137,0
7138,0
7139,1
7140,0
7141,0
7142,1
7143,0
7144,1
7145,0
7146,1
7147,1
7148,1
7149,0
7150,0
7151,1
7152,0
7153,1
7154,0
7155,0
7156,0
7157,1
7158,0
7159,1
7160,1
7161,0
7162,1
7163,1
7164,1
7165,1
7166,0
7167,0
7168,0
7169,1
7170,0
7171,1
7172,0
7173,0
7174,1
7175,1
7176,1
7177,0
7178,1
7179,1
7180,1
7181,0
7182,0
7183,1
7184,0
7185,0
7186,0
7187,1
7188,1
7189,0
7190,0
7191,1
7192,0
7193,0
7194,1
7195,0
7196,1
7197,0
7198,0
7199,0
7200,1
7201,0
7202,1
7203,0
7204,0
7205,0
7206,0
7207,1
7208,0
7209,0
7210,0
7211,1
7212,1
7213,0
7214,0
7215,0
7216,0
7217,0
7218,1
7219,0
7220,1
7221,1
7222,1
7223,1
7224,1
7225,1
7226,1
7227,0
7228,1
7229,0
7230,1
7231,0
7232,0
7233,0
7234,1
7235,1
7236,1
7237,0
7238,1
7239,0
7240,0
7241,1
7242,0
7243,1
7244,0
7245,1
7246,0
7247,1
7248,1
7249,0
7250,1
7251,1
7252,0
7253,0
7254,0
7255,0
7256,0
7257,1
7258,1
7259,1
7260,1
7261,0
7262,1
7263,1
7264,0
7265,0
7266,0
7267,1
7268,1
7269,1
7270,0
7271,1
7272,1
7273,0
7274,0
7275,1
7276,1
7277,0
7278,0
7279,1
7280,0
7281,1
7282,0
7283,1
7284,0
7285,1
7286,1
7287,0
7288,0
7289,1
7290,1
7291,0
7292,0
7293,0
7294,1
7295,0
7296,0
7297,0
7298,1
7299,1
7300,0
7301,0
7302,1
7303,1
7304,0
7305,0
7306,0
7307,1
7308,0
7309,0
7310,0
7311,1
7312,1
7313,1
7314,1
7315,1
7316,0
7317,1
7318,0
7319,1
7320,0
7321,1
7322,0
7323,1
7324,1
7325,1
7326,0
7327,0
7328,1
7329,1
7330,1
7331,1
7332,0
7333,1
7334,1
7335,1
7336,1
7337,0
7338,0
7339,1
7340,0
7341,1
7342,0
7343,1
7344,1
7345,0
7346,1
7347,1
7348,1
7349,1
7350,1
7351,0
7352,0
7353,0
7354,1
7355,0
7356,0
7357,0
7358,0
7359,1
7360,0
7361,1
7362,1
7363,1
7364,0
7365,1
7366,0
7367,0
7368,0
7369,1
7370,1
7371,0
7372,1
7373,0
7374,0
7375,1
7376,1
7377,1
7378,0
7379,0
7380,1
7381,0
7382,0
7383,1
7384,0
7385,0
7386,1
7387,0
7388,1
7389,0
7390,0
7391,1
7392,1
7393,0
7394,1
7395,0
7396,1
7397,0
7398,1
7399,1
7400,0
7401,0
7402,0
7403,1
7404,0
7405,0
7406,0
7407,0
7408,1
7409,0
7410,1
7411,0
7412,0
7413,0
7414,1
7415,0
7416,0
7417,0
7418,1
7419,1
7420,1
7421,0
7422,0
7423,1
7424,1
7425,1
7426,1
7427,0
7428,1
7429,1
7430,1
7431,1
7432,1
7433,0
7434,0
7435,1
7436,1
7437,1
7438,1
7439,1
7440,0
7441,1
7442,1
7443,1
7444,1
7445,0
7446,1
7447,0
7448,0
7449,1
7450,1
7451,1
7452,0
7453,0
7454,1
7455,1
7456,1
7457,0
7458,1
7459,0
7460,0
7461,0
7462,0
7463,1
7464,1
7465,0
7466,1
7467,1
7468,1
7469,0
7470,0
7471,1
7472,1
7473,1
7474,1
7475,1
7476,0
7477,1
7478,1
7479,0
7480,1
7481,1
7482,0
7483,0
7484,0
7485,1
7486,0
7487,0
7488,0
7489,1
7490,0
7491,0
7492,0
7493,0
7494,1
7495,1
7496,0
7497,0
7498,1
7499,0
7500,1
7501,1
7502,0
7503,0
7504,0
7505,0
7506,0
7507,0
7508,1
7509,1
7510,1
7511,0
7512,0
7513,1
7514,0
7515,0
7516,0
7517,1
7518,1
7519,0
7520,1
7521,1
7522,0
7523,0
7524,1
7525,1
7526,1
7527,0
7528,0
7529,1
7530,1
7531,1
7532,0
7533,1
7534,1
7535,0
7536,1
7537,0
7538,1
7539,0
7540,1
7541,0
7542,0
7543,1
7544,0
7545,1
7546,0
7547,1
7548,0
7549,0
7550,0
7551,0
7552,1
7553,0
7554,1
7555,0
7556,0
7557,1
7558,1
7559,1
7560,0
7561,0
7562,1
7563,0
7564,0
7565,0
7566,0
7567,0
7568,1
7569,0
7570,1
7571,0
7572,0
7573,0
7574,0
7575,1
7576,1
7577,0
7578,0
7579,1
7580,1
7581,1
7582,0
7583,1
7584,1
7585,1
7586,0
7587,1
7588,1
7589,1
7590,1
7591,1
7592,1
7593,1
7594,0
7595,0
7596,1
7597,0
7598,0
7599,1
7600,0
7601,0
7602,0
7603,1
7604,1
7605,1
7606,1
7607,0
7608,1
7609,0
7610,1
7611,0
7612,1
7613,0
7614,1
7615,1
7616,0
7617,0
7618,1
7619,0
7620,1
7621,0
7622,0
7623,1
7624,0
7625,0
7626,0
7627,0
7628,0
7629,0
7630,0
7631,0
7632,0
7633,1
7634,1
7635,0
7636,0
7637,0
7638,1
7639,1
7640,0
7641,1
7642,0
7643,1
7644,1
7645,1
7646,0
7647,0
7648,1
7649,0
7650,1
7651,0
7652,1
7653,0
7654,1
7655,0
7656,0
7657,0
7658,0
7659,0
7660,1
7661,0
7662,1
7663,0
7664,1
7665,0
7666,0
7667,1
7668,0
7669,0
7670,0
7671,1
7672,1
7673,1
7674,1
7675,1
7676,1
7677,1
7678,0
7679,1
7680,0
7681,0
7682,1
7683,0
7684,1
7685,1
7686,1
7687,1
7688,0
7689,0
7690,0
7691,1
7692,1
7693,0
7694,0
7695,0
7696,0
7697,1
7698,1
7699,1
7700,0
7701,1
7702,0
7703,1
7704,0
7705,0
7706,0
7707,0
7708,1
7709,1
7710,1
7711,1
7712,1
7713,1
7714,0
7715,0
7716,1
7717,1
7718,0
7719,1
7720,1
7721,1
7722,1
7723,0
7724,1
7725,0
7726,1
7727,0
7728,1
7729,1
7730,1
7731,1
7732,0
7733,0
7734,1
7735,1
7736,1
7737,1
7738,0
7739,1
7740,0
7741,1
7742,0
7743,0
7744,1
7745,1
7746,1
7747,0
7748,0
7749,1
7750,0
7751,0
7752,1
7753,1
7754,0
7755,0
7756,1
7757,0
7758,1
7759,0
7760,0
7761,1
7762,0
7763,1
7764,0
7765,0
7766,1
7767,1
7768,1
7769,1
7770,0
7771,1
7772,0
7773,0
7774,1
7775,1
7776,1
7777,1
7778,1
7779,0
7780,0
7781,0
7782,1
7783,0
7784,1
7785,0
7786,1
7787,1
7788,1
7789,0
7790,0
7791,1
7792,0
7793,1
7794,0
7795,0
7796,1
7797,0
7798,1
7799,1
7800,0
7801,1
7802,0
7803,0
7804,0
7805,0
7806,0
7807,1
7808,1
7809,0
7810,0
7811,1
7812,0
7813,1
7814,0
7815,0
7816,0
7817,1
7818,0
7819,0
7820,0
7821,0
7822,0
7823,1
7824,1
7825,0
7826,0
7827,0
7828,1
7829,0
7830,0
7831,1
7832,0
7833,1
7834,0
7835,1
7836,1
7837,1
7838,1
7839,0
7840,1
7841,1
7842,0
7843,1
7844,0
7845,0
7846,0
7847,1
7848,0
7849,1
7850,0
7851,0
7852,0
7853,0
7854,0
7855,0
7856,1
7857,1
7858,1
7859,1
7860,1
7861,0
7862,0
7863,0
7864,0
7865,1
7866,1
7867,1
7868,0
7869,0
7870,1
7871,1
7872,1
7873,1
7874,1
7875,0
7876,0
7877,1
7878,1
7879,0
7880,0
7881,1
7882,0
7883,1
7884,0
7885,0
7886,0
7887,0
7888,1
7889,1
7890,1
7891,0
7892,1
7893,0
7894,0
7895,0
7896,1
7897,1
7898,1
7899,1
7900,0
7901,1
7902,0
7903,0
7904,0
7905,0
7906,0
7907,0
7908,1
7909,0
7910,0
7911,1
7912,0
7913,0
7914,1
7915,1
7916,0
7917,0
7918,1
7919,1
7920,1
7921,1
7922,0
7923,1
7924,1
7925,0
7926,0
7927,1
7928,0
7929,1
7930,1
7931,0
7932,0
7933,0
7934,0
7935,0
7936,1
7937,0
7938,1
7939,1
7940,0
7941,1
7942,1
7943,1
7944,1
7945,1
7946,1
7947,1
7948,0
7949,1
7950,0
7951,1
7952,1
7953,0
7954,1
7955,0
7956,1
7957,0
7958,0
7959,1
7960,0
7961,1
7962,1
7963,0
7964,1
7965,1
7966,0
7967,1
7968,1
7969,0
7970,1
7971,0
7972,1
7973,0
7974,0
7975,1
7976,0
7977,0
7978,0
7979,1
7980,0
7981,0
7982,0
7983,0
7984,1
7985,0
7986,1
7987,1
7988,1
7989,1
7990,0
7991,0
7992,1
7993,0
7994,1
7995,1
7996,1
7997,1
7998,0
7999,1
8000,0
8001,0
8002,0
8003,1
8004,1
8005,1
8006,1
8007,1
8008,1
8009,1
8010,0
8011,1
8012,1
8013,0
8014,1
8015,0
8016,0
8017,1
8018,1
8019,0
8020,0
8021,1
8022,1
8023,0
8024,0
8025,1
8026,0
8027,0
8028,0
8029,0
8030,0
8031,0
8032,0
8033,1
8034,1
8035,0
8036,0
8037,1
8038,1
8039,1
8040,0
8041,1
8042,0
8043,1
8044,0
8045,1
8046,0
8047,1
8048,0
8049,1
8050,1
8051,0
8052,0
8053,1
8054,0
8055,1
8056,0
8057,1
8058,0
8059,0
8060,1
8061,1
8062,0
8063,0
8064,0
8065,0
8066,1
8067,0
8068,1
8069,1
8070,1
8071,1
8072,1
8073,1
8074,1
8075,1
8076,1
8077,0
8078,0
8079,1
8080,0
8081,0
8082,0
8083,0
8084,0
8085,1
8086,1
8087,0
8088,0
8089,0
8090,0
8091,0
8092,0
8093,1
8094,0
8095,0
8096,0
8097,1
8098,1
8099,0
8100,1
8101,1
8102,0
8103,1
8104,1
8105,0
8106,0
8107,1
8108,0
8109,1
8110,0
8111,1
8112,0
8113,1
8114,0
8115,0
8116,0
8117,1
8118,0
8119,0
8120,0
8121,0
8122,1
8123,0
8124,1
8125,0
8126,1
8127,1
8128,0
8129,1
8130,0
8131,1
8132,1
8133,0
8134,1
8135,1
8136,1
8137,1
8138,0
8139,1
8140,0
8141,1
8142,1
8143,1
8144,1
8145,1
8146,1
8147,0
8148,1
8149,1
8150,1
8151,1
8152,1
8153,0
8154,0
8155,1
8156,0
8157,0
8158,0
8159,0
8160,1
8161,1
8162,0
8163,0
8164,1
8165,1
8166,1
8167,1
8168,0
8169,0
8170,1
8171,1
8172,0
8173,1
8174,0
8175,1
8176,0
8177,0
8178,1
8179,1
8180,1
8181,0
8182,1
8183,0
8184,0
8185,1
8186,0
8187,1
8188,1
8189,0
8190,1
8191,0
8192,1
8193,1
8194,0
8195,0
8196,1
8197,0
8198,1
8199,1
8200,1
8201,1
8202,0
8203,1
8204,0
8205,1
8206,0
8207,0
8208,0
8209,0
8210,0
8211,1
8212,0
8213,1
8214,0
8215,0
8216,0
8217,1
8218,0
8219,1
8220,1
8221,0
8222,1
8223,0
8224,0
8225,0
8226,1
8227,0
8228,0
8229,1
8230,0
8231,0
8232,1
8233,1
8234,1
8235,1
8236,0
8237,1
8238,0
8239,0
8240,1
8241,1
8242,1
8243,0
8244,0
8245,0
8246,1
8247,0
8248,1
8249,0
8250,0
8251,0
8252,0
8253,1
8254,1
8255,1
8256,1
8257,0
8258,0
8259,1
8260,1
8261,1
8262,0
8263,0
8264,1
8265,0
8266,1
8267,1
8268,0
8269,0
8270,1
8271,0
8272,1
8273,0
8274,0
8275,1
8276,0
8277,0
8278,1
8279,0
8280,1
8281,1
8282,1
8283,0
8284,1
8285,1
8286,0
8287,1
8288,1
8289,1
8290,0
8291,1
8292,1
8293,0
8294,1
8295,1
8296,1
8297,1
8298,0
8299,1
8300,0
8301,1
8302,0
8303,1
8304,0
8305,1
8306,1
8307,0
8308,0
8309,0
8310,1
8311,1
8312,1
8313,0
8314,1
8315,1
8316,1
8317,0
8318,1
8319,0
8320,0
8321,0
8322,1
8323,1
8324,1
8325,1
8326,1
8327,0
8328,1
8329,1
8330,1
8331,1
8332,0
8333,1
8334,0
8335,0
8336,1
8337,0
8338,1
8339,0
8340,0
8341,0
8342,1
8343,0
8344,1
8345,0
8346,1
8347,0
8348,0
8349,1
8350,1
8351,0
8352,1
8353,1
8354,1
8355,0
8356,1
8357,1
8358,1
8359,1
8360,0
8361,0
8362,0
8363,1
8364,0
8365,0
8366,0
8367,0
8368,0
8369,1
8370,1
8371,1
8372,1
8373,1
8374,1
8375,0
8376,1
8377,1
8378,1
8379,1
8380,0
8381,0
8382,1
8383,0
8384,1
8385,1
8386,0
8387,0
8388,1
8389,0
8390,1
8391,1
8392,1
8393,0
8394,0
8395,0
8396,0
8397,1
8398,0
8399,1
8400,0
8401,0
8402,0
8403,0
8404,1
8405,1
8406,1
8407,0
8408,1
8409,0
8410,1
8411,0
8412,0
8413,0
8414,1
8415,0
8416,0
8417,0
8418,1
8419,1
8420,0
8421,0
8422,1
8423,1
8424,1
8425,0
8426,1
8427,0
8428,1
8429,0
8430,1
8431,1
8432,0
8433,1
8434,0
8435,1
8436,1
8437,1
8438,0
8439,1
8440,0
8441,1
8442,0
8443,0
8444,0
8445,1
8446,1
8447,1
8448,0
8449,1
8450,0
8451,1
8452,1
8453,1
8454,1
8455,1
8456,1
8457,0
8458,0
8459,1
8460,1
8461,0
8462,1
8463,0
8464,0
8465,0
8466,0
8467,1
8468,0
8469,1
8470,0
8471,1
8472,0
8473,1
8474,1
8475,0
8476,0
8477,0
8478,1
8479,0
8480,1
8481,1
8482,0
8483,0
8484,1
8485,1
8486,0
8487,0
8488,0
8489,0
8490,0
8491,1
8492,1
8493,0
8494,0
8495,1
8496,0
8497,0
8498,0
8499,0
8500,1
8501,0
8502,0
8503,0
8504,1
8505,0
8506,1
8507,1
8508,0
8509,0
8510,0
8511,1
8512,1
8513,0
8514,0
8515,1
8516,1
8517,0
8518,1
8519,0
8520,0
8521,1
8522,0
8523,0
8524,1
8525,1
8526,1
8527,0
8528,0
8529,0
8530,0
8531,0
8532,0
8533,1
8534,0
8535,1
8536,0
8537,0
8538,0
8539,1
8540,0
8541,0
8542,1
8543,0
8544,1
8545,0
8546,1
8547,1
8548,0
8549,0
8550,0
8551,1
8552,1
8553,0
8554,0
8555,1
8556,0
8557,1
8558,1
8559,1
8560,1
8561,0
8562,1
8563,0
8564,0
8565,1
8566,0
8567,0
8568,1
8569,1
8570,1
8571,0
8572,1
8573,0
8574,0
8575,0
8576,1
8577,0
8578,1
8579,1
8580,1
8581,0
8582,0
8583,1
8584,1
8585,1
8586,1
8587,1
8588,1
8589,0
8590,0
8591,0
8592,0
8593,1
8594,1
8595,0
8596,0
8597,1
8598,1
8599,0
8600,1
8601,1
8602,1
8603,0
8604,1
8605,1
8606,0
8607,1
8608,1
8609,1
8610,1
8611,0
8612,0
8613,1
8614,1
8615,0
8616,1
8617,1
8618,1
8619,1
8620,0
8621,0
8622,1
8623,0
8624,1
8625,1
8626,0
8627,1
8628,1
8629,0
8630,0
8631,0
8632,0
8633,0
8634,0
8635,1
8636,1
8637,1
8638,1
8639,0
8640,0
8641,1
8642,1
8643,1
8644,0
8645,0
8646,0
8647,1
8648,0
8649,0
8650,0
8651,1
8652,0
8653,1
8654,0
8655,0
8656,0
8657,1
8658,0
8659,1
8660,1
8661,1
8662,0
8663,1
8664,1
8665,1
8666,0
8667,1
8668,0
8669,0
8670,0
8671,1
8672,0
8673,1
8674,1
8675,1
8676,1
8677,0
8678,0
8679,1
8680,0
8681,0
8682,1
8683,0
8684,0
8685,0
8686,0
8687,1
8688,0
8689,1
8690,1
8691,1
8692,0
8693,0
8694,0
8695,1
8696,0
8697,0
8698,1
8699,1
8700,1
8701,1
8702,0
8703,0
8704,0
8705,0
8706,1
8707,1
8708,0
8709,0
8710,1
8711,1
8712,0
8713,1
8714,1
8715,0
8716,1
8717,1
8718,1
8719,0
8720,1
8721,0
8722,0
8723,0
8724,0
8725,1
8726,0
8727,1
8728,1
8729,0
8730,1
8731,1
8732,0
8733,1
8734,0
8735,1
8736,0
8737,0
8738,0
8739,0
8740,0
8741,1
8742,1
8743,0
8744,1
8745,1
8746,0
8747,1
8748,1
8749,1
8750,1
8751,1
8752,0
8753,1
8754,0
8755,1
8756,0
8757,1
8758,1
8759,1
8760,1
8761,1
8762,1
8763,1
8764,0
8765,0
8766,1
8767,1
8768,0
8769,1
8770,1
8771,1
8772,1
8773,1
8774,0
8775,1
8776,1
8777,0
8778,0
8779,0
8780,0
8781,1
8782,1
8783,1
8784,0
8785,1
8786,1
8787,1
8788,1
8789,1
8790,0
8791,1
8792,1
8793,0
8794,1
8795,1
8796,0
8797,1
8798,0
8799,1
8800,0
8801,0
8802,0
8803,1
8804,0
8805,0
8806,1
8807,0
8808,0
8809,1
8810,1
8811,1
8812,1
8813,1
8814,1
8815,0
8816,0
8817,0
8818,1
8819,1
8820,1
8821,0
8822,0
8823,1
8824,1
8825,1
8826,1
8827,0
8828,0
8829,1
8830,0
8831,0
8832,0
8833,1
8834,1
8835,0
8836,1
8837,1
8838,1
8839,0
8840,1
8841,1
8842,0
8843,1
8844,0
8845,1
8846,0
8847,0
8848,1
8849,0
8850,0
8851,0
8852,1
8853,0
8854,1
8855,1
8856,1
8857,0
8858,0
8859,1
8860,0
8861,0
8862,1
8863,1
8864,0
8865,1
8866,1
8867,0
8868,0
8869,0
8870,1
8871,1
8872,1
8873,1
8874,1
8875,0
8876,1
8877,0
8878,1
8879,0
8880,0
8881,1
8882,0
8883,1
8884,1
8885,0
8886,0
8887,1
8888,0
8889,0
8890,0
8891,0
8892,1
8893,1
8894,1
8895,1
8896,1
8897,0
8898,0
8899,0
8900,0
8901,1
8902,0
8903,1
8904,0
8905,0
8906,1
8907,1
8908,1
8909,0
8910,1
8911,0
8912,1
8913,0
8914,0
8915,1
8916,1
8917,1
8918,0
8919,0
8920,1
8921,1
8922,0
8923,1
8924,1
8925,0
8926,0
8927,0
8928,1
8929,0
8930,0
8931,1
8932,1
8933,0
8934,0
8935,1
8936,0
8937,0
8938,0
8939,0
8940,1
8941,1
8942,1
8943,0
8944,0
8945,0
8946,0
8947,1
8948,0
8949,1
8950,0
8951,1
8952,0
8953,1
8954,0
8955,0
8956,0
8957,0
8958,1
8959,1
8960,0
8961,1
8962,0
8963,0
8964,0
8965,1
8966,0
8967,0
8968,1
8969,1
8970,0
8971,0
8972,0
8973,1
8974,1
8975,0
8976,1
8977,1
8978,1
8979,0
8980,1
8981,0
8982,1
8983,0
8984,0
8985,0
8986,1
8987,0
8988,0
8989,1
8990,1
8991,0
8992,1
8993,0
8994,1
8995,1
8996,1
8997,1
8998,1
8999,0
9000,1
